id,name,read,pattern,sequence,feature_type
CD117,CD117,R2,5PNNNNNNNNNN(BC)NNNNNNNNN,TGCATGTCATCGGTG,Antibody Capture
LY6C,LY6C,R2,5PNNNNNNNNNN(BC)NNNNNNNNN,AAGTCGTGAGGCATG,Antibody Capture
CD11B,CD11B,R2,5PNNNNNNNNNN(BC)NNNNNNNNN,TGAAGGCTCATTTGT,Antibody Capture
CD115,CD115,R2,5PNNNNNNNNNN(BC)NNNNNNNNN,TTCCGTTGTTGTGAG,Antibody Capture
FCER1,FCER1,R2,5PNNNNNNNNNN(BC)NNNNNNNNN,AGTCACCTCGAAGCT,Antibody Capture
CD150,CD150,R2,5PNNNNNNNNNN(BC)NNNNNNNNN,CAACGCCTAGAAACC,Antibody Capture
CD14,CD14,R2,5PNNNNNNNNNN(BC)NNNNNNNNN,AACCAACAGTCACGT,Antibody Capture
CD48,CD48,R2,5PNNNNNNNNNN(BC)NNNNNNNNN,AGAACCGCCGTAGTT,Antibody Capture
CD41,CD41,R2,5PNNNNNNNNNN(BC)NNNNNNNNN,ACTTGGATGGACACT,Antibody Capture
CD326,CD326,R2,5PNNNNNNNNNN(BC)NNNNNNNNN,ACCCGCGTTAGTATG,Antibody Capture
CD55,CD55,R2,5PNNNNNNNNNN(BC)NNNNNNNNN,ATTGTTGTCAGACCA,Antibody Capture
CD34,CD34,R2,5PNNNNNNNNNN(BC)NNNNNNNNN,AAACTCAGGTCCTTC,Antibody Capture