id,name,read,pattern,sequence,feature_type,target_gene_id,target_gene_name
Men1_AS_40512,Men1_AS_40512,R2,AAGCAGTGGTATCAACGCAGAGTACATGGG(BC),TGGCCTCACCTACTTCCCGG,CRISPR Guide Capture,ENSMUSG00000024947,Men1
Kmt2d_AS_44464,Kmt2d_AS_44464,R2,AAGCAGTGGTATCAACGCAGAGTACATGGG(BC),TGTGTTAGAGAAGAGAACCA,CRISPR Guide Capture,ENSMUSG00000048154,Kmt2d
Smarcb1_AS_15177,Smarcb1_AS_15177,R2,AAGCAGTGGTATCAACGCAGAGTACATGGG(BC),GACACTCCTGAAAGCCTCAG,CRISPR Guide Capture,ENSMUSG00000000902,Smarcb1
Smarcb1_AS_15178,Smarcb1_AS_15178,R2,AAGCAGTGGTATCAACGCAGAGTACATGGG(BC),GTTCTACATGATCGGCTCCG,CRISPR Guide Capture,ENSMUSG00000000902,Smarcb1
Mbd2_AS_41068,Mbd2_AS_41068,R2,AAGCAGTGGTATCAACGCAGAGTACATGGG(BC),TCCTCCTTCTTCCATCCGGG,CRISPR Guide Capture,ENSMUSG00000024513,Mbd2
Smarca4_AS_15193,Smarca4_AS_15193,R2,AAGCAGTGGTATCAACGCAGAGTACATGGG(BC),ACCCCCATCCAGAAGCCCCG,CRISPR Guide Capture,ENSMUSG00000032187,Smarca4
Smarca4_AS_15194,Smarca4_AS_15194,R2,AAGCAGTGGTATCAACGCAGAGTACATGGG(BC),GCTCTTGTAGGATCTCCACA,CRISPR Guide Capture,ENSMUSG00000032187,Smarca4
NTC_0005_MGLibA_66410,NTC_0005_MGLibA_66410,R2,AAGCAGTGGTATCAACGCAGAGTACATGGG(BC),GACTCCGGGTACTAAATGTC,CRISPR Guide Capture,Non-Targeting,Non-Targeting
NTC_0006_MGLibA_66411,NTC_0006_MGLibA_66411,R2,AAGCAGTGGTATCAACGCAGAGTACATGGG(BC),CCGCGCCGTTAGGGAACGAG,CRISPR Guide Capture,Non-Targeting,Non-Targeting
Gata2_Br_61783,Gata2_Br_61783,R2,AAGCAGTGGTATCAACGCAGAGTACATGGG(BC),GGCCGGGAGTGTGTCAACTG,CRISPR Guide Capture,ENSMUSG00000015053,Gata2
Smarcd2_Br_45402,Smarcd2_Br_45402,R2,AAGCAGTGGTATCAACGCAGAGTACATGGG(BC),CCCAACACACTCACTCGCTG,CRISPR Guide Capture,ENSMUSG00000078619,Smarcd2
Mbd2_AS_41067,Mbd2_AS_41067,R2,AAGCAGTGGTATCAACGCAGAGTACATGGG(BC),GGATCCTGTCCCTTTCCCGT,CRISPR Guide Capture,ENSMUSG00000024513,Mbd2

