Gene	CellType
Osbpl5	CLP
A430088P11Rik	CLP
Hes6	CLP
P2ry14	CLP
Tmem119	CLP
Maml3	CLP
Mn1	CLP
Camkv	CLP
Mst1r	CLP
Btbd3	CLP
Dntt	CLP
Evpl	CLP
Il17re	CLP
4933406I18Rik	CLP
Klra8	CLP
Epha2	CLP
Kansl1l	CLP
Ctr9	CLP
C030034L19Rik	CLP
Cmah	CLP
Il7r	CLP
Gm5111	CLP
5830418P13Rik	CLP
Plekha7	CLP
4931440J10Rik	CLP
Emid1	CLP
Fgf13	CLP
Rasal1	CLP
Gprin3	CLP
Tnni1	CLP
Rhbdl3	CLP
Satb1	CLP
Tpm2	CLP
2610307P16Rik	CLP
Mef2c	CLP
Pard6g	CLP
Tmem121	CLP
Gpr171	CLP
Slc16a11	CLP
Cd209f	CLP
Arpp21	CLP
Lck	CLP
H2-Q4	CLP
Chd3os	CLP
Sh2d5	CLP
Gpr25	CLP
Paqr5	CLP
Ephb2	CLP
Sv2a	CLP
Nsg2	CLP
Zdhhc8	CLP
1700001C19Rik	CLP
Cd6	CLP
Hmga2	CLP
Adam2	CLP
Cd96	CLP
Sema4c	CLP
Col19a1	CLP
8430408G22Rik	CLP
Clnk	CLP
Slc25a53	CLP
Ccr9	CLP
Rag2	CLP
Gimap9	CLP
Klra21	CLP
Slc27a1	CLP
Kif17	CLP
Tmtc1	CLP
Slc6a19	CLP
Cacna1b	CLP
Rpgrip1	CLP
Cnrip1	CLP
Il18r1	CLP
9030619P08Rik	CLP
Cox6a2	CLP
Auts2	CLP
Sstr2	CLP
Il12a	CLP
AI661453	CLP
Tnfsf11	CLP
Adc	CLP
Rftn2	CLP
Slc18a1	CLP
Myl4	CLP
6330403A02Rik	CLP
Gimap7	CLP
Klhl30	CLP
Htra3	CLP
Slc35d3	CLP
Eid2	CLP
Flt3	CLP
Vmn2r19	CLP
Sirt5	CLP
Tmem56	EarlyEry
Spon2	EarlyEry
Sep-04	EarlyEry
Daam1	EarlyEry
Gata1	EarlyEry
Sphk1	EarlyEry
Lrrc36	EarlyEry
Cdr2	EarlyEry
Lmna	EarlyEry
Clcn2	EarlyEry
Add2	EarlyEry
Adcy6	EarlyEry
Steap3	EarlyEry
1700086O06Rik	EarlyEry
Gclm	EarlyEry
Selenbp1	EarlyEry
Fam132a	EarlyEry
Mylk3	EarlyEry
Gna14	EarlyEry
Aqp1	EarlyEry
Alad	EarlyEry
Syngr1	EarlyEry
Acmsd	EarlyEry
Ank1	EarlyEry
Gpc4	EarlyEry
Rhag	EarlyEry
Aldh1a1	EarlyEry
Golm1	EarlyEry
Abcg4	EarlyEry
Amigo2	EarlyEry
Txnrd2	EarlyEry
Trim2	EarlyEry
Fam109b	EarlyEry
Garem	EarlyEry
Ppp2r1b	EarlyEry
Mllt3	EarlyEry
Vstm5	EarlyEry
Cetn4	EarlyEry
Epdr1	EarlyEry
Cpox	EarlyEry
Tspan8	EarlyEry
Nxpe2	EarlyEry
Nags	EarlyEry
C530008M17Rik	EarlyEry
Btnl10	EarlyEry
Gls2	EarlyEry
Car1	EarlyEry
Nfia	EarlyEry
Mfsd2b	EarlyEry
Slc43a1	EarlyEry
Cela1	EarlyEry
Adamts3	EarlyEry
Dpf3	EarlyEry
Nudt9	EarlyEry
Prss50	EarlyEry
Il1rl1	EarlyEry
Slc6a20a	EarlyEry
Tnr	EarlyEry
Sdsl	EarlyEry
Tlcd1	EarlyEry
Tspo2	EarlyEry
Slc39a8	EarlyEry
Slc11a2	EarlyEry
Pkhd1l1	EarlyEry
Pfkm	EarlyEry
Acsl6	EarlyEry
Hpn	EarlyEry
Asns	EarlyEry
Mthfd1	EarlyEry
Ephx2	EarlyEry
Rhd	EarlyEry
Reps2	EarlyEry
Cnnm2	EarlyEry
Hars	EarlyEry
Arhgef25	EarlyEry
Apol8	EarlyEry
Spire1	EarlyEry
Gfap	EarlyEry
9430020K01Rik	EarlyEry
Spta1	EarlyEry
Gm15915	EarlyEry
Redrum	EarlyEry
Plvap	EarlyEry
Slc26a1	EarlyEry
Reep6	EarlyEry
Cenpv	EarlyEry
Zfp808	EarlyEry
Kcng2	EarlyEry
Sh3tc2	EarlyEry
Paqr4	EarlyEry
Nckap1	EarlyEry
Stx2	EarlyEry
Samd14	EarlyEry
Asb17os	EarlyEry
Aknad1	EarlyEry
4933431E20Rik	EarlyEry
Tac2	EarlyEry
Atp1b2	EarlyEry
Ncmap	EarlyEry
Aldh1a7	EarlyEry
Cdh13	EarlyEry
Ccne1	EarlyEry
Pklr	EarlyEry
Abcb4	EarlyEry
Xk	EarlyEry
M1ap	EarlyEry
Mns1	EarlyEry
Pdia2	EarlyEry
Slc38a5	EarlyEry
1300017J02Rik	EarlyEry
Sep-08	EarlyEry
Clca1	EarlyEry
Snx31	EarlyEry
Ctse	EarlyEry
Hemgn	EarlyEry
Tfr2	EarlyEry
Ntn4	EarlyEry
Arhgdig	EarlyEry
Rab4a	EarlyEry
6030468B19Rik	EarlyEry
Nqo1	EarlyEry
Ssx2ip	EarlyEry
Mt2	EarlyEry
Col5a1	EarlyEry
Gja1	EarlyEry
Gstm5	EarlyEry
Gdf3	EarlyEry
Hebp1	EarlyEry
Pxmp2	EarlyEry
Car2	EarlyEry
Smim1	EarlyEry
Tmprss6	EarlyEry
Scrn3	EarlyEry
Stard10	EarlyEry
Gfi1b	EarlyEry
Sptb	EarlyEry
Ptpn13	EarlyEry
Slc25a21	EarlyEry
Gm11837	EarlyEry
Cep76	EarlyEry
Arl4a	EarlyEry
Klf1	EarlyEry
Epor	EarlyEry
Kel	EarlyEry
Myh10	EarlyEry
Dyrk3	EarlyEry
Cited4	EarlyEry
March8	EarlyEry
Agtr1a	EarlyEry
1700001L05Rik	EarlyEry
B3galtl	EarlyEry
Ccdc74a	EarlyEry
Ermap	EarlyEry
Zg16	EarlyEry
Larp1b	EarlyEry
Blvrb	EarlyEry
Myo1d	EarlyEry
Lefty1	EarlyEry
Ubac1	EarlyEry
Optn	EarlyEry
Gm9895	EarlyEry
4933436C20Rik	EarlyEry
Nipa1	EarlyEry
Iqcd	EarlyEry
Ufsp1	EarlyEry
Aqp11	EarlyEry
Cldn13	EarlyEry
Sh2d4a	EarlyEry
Mboat2	EarlyEry
Parm1	EarlyEry
Ces2g	EarlyEry
Phyhip	EarlyEry
Kctd7	EarlyEry
Tspan33	EarlyEry
Minpp1	EarlyEry
Gm14005	EarlyMye
Elane	EarlyMye
Gpr160	EarlyMye
Ncam1	EarlyMye
Zfp516	EarlyMye
Serpine2	EarlyMye
Cebpa	EarlyMye
Mapkapk3	EarlyMye
Hsd17b1	EarlyMye
Nhsl2	EarlyMye
Mgl2	EarlyMye
B4galt4	EarlyMye
Mmp19	EarlyMye
Afap1	EarlyMye
Hk3	EarlyMye
Hspa13	EarlyMye
Anxa1	EarlyMye
Mefv	EarlyMye
Mcf2l	EarlyMye
Clec7a	EarlyMye
Pdia5	EarlyMye
AI839979	EarlyMye
Slco3a1	EarlyMye
Igsf6	EarlyMye
Spsb4	EarlyMye
App	EarlyMye
Cysltr1	EarlyMye
Depdc7	EarlyMye
Idh1	EarlyMye
Ctbp2	EarlyMye
Hlx	EarlyMye
Vav3	EarlyMye
Lmo1	EarlyMye
Cask	EarlyMye
Aatk	EarlyMye
Ston2	EarlyMye
Cst7	EarlyMye
Bmx	EarlyMye
Cpa3	EarlyMye
Ms4a2	EarlyMye
Pygl	EarlyMye
Ifitm7	EarlyMye
Vill	EarlyMye
Pram1	EarlyMye
0610040J01Rik	EarlyMye
Ugt1a5	EarlyMye
Tmem38b	EarlyMye
P2ry2	EarlyMye
Sdf2l1	EarlyMye
Rab32	EarlyMye
Csf3r	EarlyMye
Tnfsf13	EarlyMye
1700020L24Rik	EarlyMye
Cebpb	EarlyMye
Tctex1d1	EarlyMye
Flt1	EarlyMye
Cd300lb	EarlyMye
Dmxl2	EarlyMye
Hp	EarlyMye
Mapk4	EarlyMye
Prom1	EarlyMye
Atp8b4	EarlyMye
Kcnj2	EarlyMye
Rps6ka2	EarlyMye
Celsr3	EarlyMye
Mgst1	EarlyMye
Ms4a3	EarlyMye
Mmp28	EarlyMye
Trem3	EarlyMye
Fkbp1b	EarlyMye
Mitf	EarlyMye
Trim45	EarlyMye
Egln3	EarlyMye
Rhou	EarlyMye
Sowahc	EarlyMye
Pstpip2	EarlyMye
Bace1	EarlyMye
Plod3	EarlyMye
Gpr84	EarlyMye
Mfsd7a	EarlyMye
Lonrf3	EarlyMye
Fgl2	EarlyMye
Xdh	EarlyMye
Mtus1	EarlyMye
Ugt1a1	EarlyMye
Rtn4r	EarlyMye
S1pr2	EarlyMye
Kcnip3	EarlyMye
Ugt1a6b	EarlyMye
Clec5a	EarlyMye
Ttc39c	EarlyMye
Papss2	EarlyMye
Nostrin	EarlyMye
Fgd4	EarlyMye
Pros1	EarlyMye
Tuba8	EarlyMye
Elovl7	EarlyMye
Ap3s1	EarlyMye
Cebpd	EarlyMye
Mgam	EarlyMye
Emb	EarlyMye
Nxn	EarlyMye
Met	EarlyMye
Ugt1a7c	EarlyMye
Atp6ap2	EarlyMye
F13a1	EarlyMye
Ugt1a10	EarlyMye
F630028O10Rik	EarlyMye
Tnfsf12Tnfsf13	EarlyMye
S100a11	EarlyMye
Ms4a6c	EarlyMye
Ccl9	EarlyMye
Dgat2	EarlyMye
Hdc	EarlyMye
Tbc1d2	EarlyMye
Chst13	EarlyMye
Calr	EarlyMye
Celsr1	EarlyMye
Fam217b	EarlyMye
Olr1	EarlyMye
Ccr2	EarlyMye
Siglec5	EarlyMye
Apba1	EarlyMye
Nkg7	EarlyMye
Slc31a2	EarlyMye
Mrgpra2b	EarlyMye
Bambi-ps1	EarlyMye
Gstm1	EarlyMye
Ugt1a9	EarlyMye
Nrg2	EarlyMye
Wls	EarlyMye
Tnfrsf1b	EarlyMye
B4galt6	EarlyMye
Bzrap1	EarlyMye
Cebpe	EarlyMye
Ly6c2	EarlyMye
Gzmb	EarlyMye
Mpo	EarlyMye
Stxbp6	EarlyMye
Ugt1a2	EarlyMye
Mlkl	EarlyMye
Ugt1a6a	EarlyMye
Naip2	EarlyMye
Prtn3	EarlyMye
Tns4	EarlyMye
Lbp	EarlyMye
Sh3pxd2b	EarlyMye
Abcd2	EarlyMye
Lair1	EarlyMye
Cers6	EarlyMye
C3	EarlyMye
Clec11a	EarlyMye
Gpc1	EarlyMye
Ttc21a	EarlyMye
Prss16	EarlyMye
Anxa3	EarlyMye
Rab44	EarlyMye
Ctsg	EarlyMye
Aoah	EarlyMye
Gpx3	EarlyMye
Dram1	EarlyMye
Nrg1	EarlyMye
Bambi	EarlyMye
Ccbl2	EarlyMye
Alas1	EarlyMye
Smpdl3a	EarlyMye
Plcb1	EarlyMye
Rnf217	EarlyMye
Sgms2	EarlyMye
Glipr1	EarlyMye
Gpr141	EarlyMye
F10	EarlyMye
Maoa	EarlyMye
Anxa2	EarlyMye
Scnn1a	EarlyMye
Gamt	EarlyMye
Cldn15	EarlyMye
Itpripl2	EarlyMye
Fcgr3	EarlyMye
Acpl2	EarlyMye
Tfec	EarlyMye
Rab31	EarlyMye
Fosl2	EarlyMye
Ehbp1l1	Ery
Myef2	Ery
Crat	Ery
Hras	Ery
Isca1	Ery
Tmem56	Ery
Kif14	Ery
Gpr146	Ery
Chek2	Ery
Daam1	Ery
Alas2	Ery
Nusap1	Ery
Hace1	Ery
Artn	Ery
Hk1	Ery
Depdc1a	Ery
Gata1	Ery
Opcml	Ery
Foxp2	Ery
Frmd4a	Ery
Pdzk1ip1	Ery
Sphk1	Ery
Mtfr1	Ery
Fahd1	Ery
Hmmr	Ery
Atpif1	Ery
Dyrk1b	Ery
Cdr2	Ery
Ndc80	Ery
Slc43a3	Ery
Lmna	Ery
Rpain	Ery
Dnajb2	Ery
Pnp2	Ery
Fbxo9	Ery
Anln	Ery
Mst1	Ery
Ncapd2	Ery
Fzd5	Ery
Isg20	Ery
Fen1	Ery
Mmel1	Ery
Tmx1	Ery
Schip1	Ery
Clcn2	Ery
Dclk2	Ery
Add2	Ery
Ubald2	Ery
Gria1	Ery
Ccnb1	Ery
Adcy6	Ery
Ppp2r5b	Ery
Steap3	Ery
Kcnn4	Ery
1700086O06Rik	Ery
Ptdss2	Ery
Cd59b	Ery
Mad2l1	Ery
Ckap2	Ery
Nacad	Ery
Ska1	Ery
Gclm	Ery
Ube2l6	Ery
Ppp2r4	Ery
Slc2a4	Ery
Cpeb3	Ery
Dcaf12	Ery
March2	Ery
Cdc6	Ery
Gm12839	Ery
Birc5	Ery
Omp	Ery
Fam76a	Ery
Cacna1g	Ery
Tpx2	Ery
Aars	Ery
Rsad2	Ery
Bpgm	Ery
Narf	Ery
Aplf	Ery
Slc25a42	Ery
Ulk1	Ery
Ccdc34	Ery
Pcyt1b	Ery
Tpm1	Ery
Mylk3	Ery
Abhd16a	Ery
Dmtn	Ery
Nuf2	Ery
Ctcflos	Ery
Slbp	Ery
Rangap1	Ery
Dok4	Ery
Smc4	Ery
Gm21949	Ery
Tfdp2	Ery
Tal1	Ery
Mpst	Ery
Dnajb4	Ery
Ghitm	Ery
Uba7	Ery
Top1	Ery
Casc5	Ery
Hbb-bt	Ery
Mzt1	Ery
Acp1	Ery
Asb6	Ery
Abcb9	Ery
Tmem86b	Ery
Aqp1	Ery
Hbq1a	Ery
Ifi27	Ery
Myo15	Ery
March5	Ery
Brpf3	Ery
Gstt1	Ery
Alad	Ery
Syngr1	Ery
Gm867	Ery
Acmsd	Ery
Ank1	Ery
Gpc4	Ery
Fbxo5	Ery
Tmem256	Ery
Fam104a	Ery
Smox	Ery
Kif15	Ery
2310042D19Rik	Ery
Gtpbp2	Ery
Tmem120b	Ery
Fam214b	Ery
Rhag	Ery
Spsb3	Ery
Glul	Ery
Aldh1a1	Ery
Mafk	Ery
1810053B23Rik	Ery
Suox	Ery
Kcnip2	Ery
Hagh	Ery
Nt5c3	Ery
Mgll	Ery
Ache	Ery
Paqr9	Ery
Ect2	Ery
Setd8	Ery
Ncaph2	Ery
Specc1	Ery
Abcg4	Ery
Pithd1	Ery
Slc14a1	Ery
Gm16938	Ery
Txnrd2	Ery
Cchcr1	Ery
Mcmdc2	Ery
Lrrc39	Ery
Aoc2	Ery
Trim2	Ery
Zdhhc24	Ery
Ppap2a	Ery
Fbxo34	Ery
Trak2	Ery
St3gal5	Ery
Ube2t	Ery
Icam5	Ery
Mkrn1	Ery
Fam109b	Ery
Stil	Ery
Ccdc77	Ery
Arf5	Ery
Racgap1	Ery
Mylpf	Ery
Garem	Ery
Btrc	Ery
Rgcc	Ery
Cenpe	Ery
Sox6	Ery
Spc25	Ery
Ppp2r1b	Ery
Kifc5b	Ery
Wbscr27	Ery
Fbxw2	Ery
Rgs6	Ery
2610020C07Rik	Ery
Cetn4	Ery
Dnajb1	Ery
Fbxo42	Ery
Prdx2	Ery
Gps2	Ery
Rad21	Ery
Ssbp3	Ery
Slc25a44	Ery
C330027C09Rik	Ery
Ube2o	Ery
Cpox	Ery
Kif2a	Ery
Aurkb	Ery
Fbxo30	Ery
Tspan8	Ery
Zfpm1	Ery
Nxpe2	Ery
Net1	Ery
Pla2g16	Ery
Rhno1	Ery
Sorbs1	Ery
Slc22a23	Ery
Plk4	Ery
Pqlc1	Ery
Abcb6	Ery
Klhl7	Ery
Kif11	Ery
C530008M17Rik	Ery
Runx1t1	Ery
Trim59	Ery
Tom1l1	Ery
C730036E19Rik	Ery
Btnl10	Ery
Hmgb2	Ery
Brca1	Ery
9130221H12Rik	Ery
Klhl25	Ery
Cenpf	Ery
Smap1	Ery
Dnaja4	Ery
Lrrc56	Ery
Btn1a1	Ery
Ncapg2	Ery
Rad23a	Ery
Bcas3os1	Ery
Stradb	Ery
Tmc8	Ery
A430005L14Rik	Ery
Trim56	Ery
Cdc42bpa	Ery
Cul4a	Ery
Agfg2	Ery
Herc1	Ery
Wdr81	Ery
H2-T24	Ery
Isg15	Ery
Gm166	Ery
Arhgap19	Ery
Mfsd2b	Ery
Fech	Ery
Hs6st1	Ery
Josd2	Ery
Mis18bp1	Ery
Slc43a1	Ery
Naprt1	Ery
Ahi1	Ery
Snx22	Ery
Dpf3	Ery
Ammecr1	Ery
Clcn3	Ery
Unkl	Ery
Naaladl1	Ery
Usp7	Ery
Nprl3	Ery
Plk1	Ery
Arhgap20	Ery
Slc16a10	Ery
Arel1	Ery
Shc4	Ery
Micall2	Ery
Add1	Ery
Phlpp2	Ery
Slc6a20a	Ery
Gpsm2	Ery
Itsn1	Ery
Mrpl53	Ery
Foxo4	Ery
Ctsf	Ery
Gsg2	Ery
BC021614	Ery
Cdkn2c	Ery
Rnf11	Ery
Lpin2	Ery
Ncaph	Ery
Cenpk	Ery
Asb1	Ery
Srxn1	Ery
Epb4	Ery
Fn3k	Ery
Calm3	Ery
Tlcd1	Ery
Tspo2	Ery
Mir451	Ery
Cachd1	Ery
Slc11a2	Ery
Gp9	Ery
Tnk1	Ery
Pkhd1l1	Ery
Pole3	Ery
Gm7367	Ery
Rrm2	Ery
Nudt4	Ery
Napa	Ery
Crip2	Ery
Kif20a	Ery
Hspbap1	Ery
Mxd3	Ery
Mkln1os	Ery
Hbb-b2	Ery
2810442I21Rik	Ery
Stk11	Ery
Arl6ip1	Ery
Art4	Ery
Rhd	Ery
Sertad2	Ery
Atg4a	Ery
Otub2	Ery
Ormdl3	Ery
Gypc	Ery
Map2k3	Ery
Ccna2	Ery
Zbtbd6	Ery
Gtse1	Ery
Fhdc1	Ery
Cnnm2	Ery
Hist3h2ba	Ery
4933413G19Rik	Ery
Hars	Ery
C230052I12Rik	Ery
Ccp110	Ery
Asf1b	Ery
Dbf4	Ery
Apol8	Ery
Oas1b	Ery
Carm1	Ery
Fam210b	Ery
Tuba1c	Ery
Bsg	Ery
Hmbs	Ery
Prr11	Ery
Med12	Ery
Comt	Ery
Hspb6	Ery
Ifrd2	Ery
Aug-02	Ery
Tinagl1	Ery
Capn5	Ery
Cep85	Ery
Spire1	Ery
Gid8	Ery
Gfap	Ery
Slc7a5	Ery
Slc20a1	Ery
Spta1	Ery
Ucp2	Ery
Sec61g	Ery
Slc30a10	Ery
5830415F09Rik	Ery
Mrm1	Ery
F830002L21Rik	Ery
Pabpc4	Ery
Snx32	Ery
Slc30a9	Ery
Redrum	Ery
1700001K23Rik	Ery
Carhsp1	Ery
Acap3	Ery
Thsd7b	Ery
Lin54	Ery
AW011738	Ery
Reep6	Ery
Cdca5	Ery
1110020A21Rik	Ery
Arrdc2	Ery
A730036I17Rik	Ery
Tmem9	Ery
Kifc1	Ery
Dlgap5	Ery
Cdca4	Ery
Metap2	Ery
Cntf	Ery
Brinp2	Ery
Fam213a	Ery
Akap7	Ery
Hbb-b1	Ery
Reln	Ery
Troap	Ery
Dnajb3	Ery
Parp16	Ery
Nek3	Ery
Sh3yl1	Ery
Fam220a	Ery
Ube2c	Ery
Cenpp	Ery
St5	Ery
Ppm1d	Ery
E2f2	Ery
Tk1	Ery
Foxm1	Ery
Gm17359	Ery
Cdca2	Ery
Sec14l2	Ery
Sh3tc2	Ery
Rnf10	Ery
Paqr4	Ery
Grtp1	Ery
Anp32b	Ery
Atg4d	Ery
Ibtk	Ery
Nckap1	Ery
Bsdc1	Ery
Dusp8	Ery
Stx2	Ery
Tbcel	Ery
Samd14	Ery
Ska2	Ery
Ankle1	Ery
Agrn	Ery
Wipi1	Ery
Rnf123	Ery
Rad51c	Ery
Sowaha	Ery
Neil3	Ery
Slc16a6	Ery
Asb17os	Ery
Capn11	Ery
Aknad1	Ery
Arhgef12	Ery
Popdc2	Ery
Tac2	Ery
Rdm1	Ery
Pif1	Ery
Lrig1	Ery
Ccrn4l	Ery
Zfp949	Ery
Cdc25c	Ery
Hspa4l	Ery
1810058I24Rik	Ery
Hba-a1	Ery
Glrx5	Ery
Apeh	Ery
Dhrs11	Ery
Isca2	Ery
Vangl1	Ery
Gm20337	Ery
Fam132b	Ery
Bmp8b	Ery
4931406P16Rik	Ery
Esco2	Ery
Clp1	Ery
Paxip1	Ery
Fam83d	Ery
Dcaf6	Ery
Slc16a1	Ery
Polh	Ery
Apex2	Ery
Mki67	Ery
Psmf1	Ery
Cenpl	Ery
March3	Ery
1700020I14Rik	Ery
Ccne1	Ery
Oas3	Ery
Prnp	Ery
Zdhhc14	Ery
Fntb	Ery
C1qtnf4	Ery
Fam53b	Ery
Cenpa	Ery
Abcb4	Ery
Hist2h2ac	Ery
Xk	Ery
Apold1	Ery
Ccdc23	Ery
Spef1	Ery
Cat	Ery
M1ap	Ery
Gm14023	Ery
Siah3	Ery
Trim10	Ery
Cdkn3	Ery
Mns1	Ery
Pdia2	Ery
Plek2	Ery
Slc38a5	Ery
Kif18b	Ery
Psd	Ery
Figf	Ery
1300017J02Rik	Ery
Sep-08	Ery
Reep4	Ery
Gpx1	Ery
Elmo3	Ery
Tmem14c	Ery
Cdkl1	Ery
Rfx2	Ery
Ranbp10	Ery
Mpp2	Ery
Clca1	Ery
Tmcc2	Ery
2410076I21Rik	Ery
Clspn	Ery
Pcx	Ery
Ttll12	Ery
Top2a	Ery
2900009J06Rik	Ery
Nhlrc4	Ery
Ctse	Ery
Tuba4a	Ery
Ubp1	Ery
Lmo2	Ery
Hemgn	Ery
Ncoa7	Ery
Ntn4	Ery
Smc2	Ery
Tpcn1	Ery
Usp32	Ery
Prn	Ery
Cit	Ery
Gypa	Ery
Arhgef39	Ery
Ankrd9	Ery
Nde1	Ery
Blm	Ery
Mgst3	Ery
Pgp	Ery
Kctd14	Ery
6030468B19Rik	Ery
Sgol2	Ery
Slc25a38	Ery
Ncapd3	Ery
Nqo1	Ery
Vwf	Ery
Hyal1	Ery
Ssx2ip	Ery
Mettl7a1	Ery
Abat	Ery
Ift140	Ery
Uros	Ery
Col5a1	Ery
Gstm5	Ery
BC021767	Ery
Fn3krp	Ery
Mfhas1	Ery
Kif22	Ery
Endod1	Ery
4930404N11Rik	Ery
Mad2l1bp	Ery
Darc	Ery
Usp15	Ery
Fam46c	Ery
Cd59a	Ery
Pnpo	Ery
Mastl	Ery
Tacc3	Ery
Kif23	Ery
Gucd1	Ery
Tbccd1	Ery
Cks2	Ery
Bola3	Ery
Pigq	Ery
Slc25a51	Ery
Nfe2	Ery
Exoc3l	Ery
Pdzd11	Ery
Hebp1	Ery
Trappc10	Ery
Nme3	Ery
4930430F08Rik	Ery
Ccsap	Ery
Gclc	Ery
Car2	Ery
Pkd2l2	Ery
Gen1	Ery
Mesdc1	Ery
5730508B09Rik	Ery
1190002F15Rik	Ery
Hmg20a	Ery
Lrr1	Ery
Zrsr1	Ery
Katnal1	Ery
Slc6a9	Ery
Bex4	Ery
D030056L22Rik	Ery
Arrb1	Ery
Pip4k2c	Ery
Smim1	Ery
Aspm	Ery
Ube2s	Ery
Cdca8	Ery
D5Ertd579e	Ery
Prokr1	Ery
Tmprss6	Ery
Scrn3	Ery
E2f7	Ery
Gfi1b	Ery
Sptb	Ery
C2cd2l	Ery
Sertad3	Ery
Tmod1	Ery
Fgfrl1	Ery
Rab3il1	Ery
9830132P13Rik	Ery
Nadk2	Ery
E2f4	Ery
Cdca3	Ery
Slc25a21	Ery
Mocs1	Ery
Ckap2l	Ery
Cep76	Ery
Iba57	Ery
Snx15	Ery
1700037H04Rik	Ery
Rassf7	Ery
Tmc6	Ery
Hist4h4	Ery
Sppl2b	Ery
H2afx	Ery
Mppe1	Ery
Mob2	Ery
Trim58	Ery
Prc1	Ery
Bcl2l1	Ery
Cdan1	Ery
Ikzf5	Ery
Galnt10	Ery
AA986860	Ery
Barx2	Ery
Dnah9	Ery
Arl4a	Ery
Fbxo7	Ery
Dnttip1	Ery
Klf1	Ery
Dek	Ery
Gm15800	Ery
Odc1	Ery
Pkn2	Ery
Atg4b	Ery
Chac2	Ery
Ap2a1	Ery
Mpp1	Ery
Epor	Ery
Tubb4b	Ery
Kel	Ery
Spag5	Ery
Dapk2	Ery
Ypel4	Ery
Ptprn2	Ery
Myh10	Ery
St3gal2	Ery
Gch1	Ery
Prkar2b	Ery
Dyrk3	Ery
Nrip3	Ery
Slc36a3	Ery
Lrrc29	Ery
Pnma1	Ery
Gabarapl2	Ery
A930006K02Rik	Ery
Fam229a	Ery
Ankrd54	Ery
March8	Ery
Agtr1a	Ery
Slc22a4	Ery
Ninj2	Ery
Mast2	Ery
Ccnf	Ery
Espl1	Ery
Slc48a1	Ery
Klf3	Ery
Hba-a2	Ery
Rnf19a	Ery
Parvb	Ery
Ccdc74a	Ery
Icam4	Ery
Ermap	Ery
Adam33	Ery
B3gnt3	Ery
Nek2	Ery
Slc25a37	Ery
Cox11	Ery
Sgol1	Ery
Eif2ak1	Ery
Zfp526	Ery
Larp1b	Ery
Blvrb	Ery
Afmid	Ery
Slc25a39	Ery
Clk3	Ery
Pip5k1b	Ery
Ubac1	Ery
Dennd2c	Ery
Tmem231	Ery
Optn	Ery
Cdc25b	Ery
Kntc1	Ery
Gm9895	Ery
Hbq1b	Ery
Slc4a1	Ery
Klf11	Ery
Mthfd2	Ery
Shf	Ery
Oip5	Ery
Pir	Ery
Depdc1b	Ery
2610027K06Rik	Ery
Abcb10	Ery
Nek8	Ery
Zcchc6	Ery
Parpbp	Ery
Oas1e	Ery
Cdk1	Ery
Nipa1	Ery
Iqcd	Ery
Incenp	Ery
Arhgap11a	Ery
Ufsp1	Ery
Cdh20	Ery
Gtpbp1	Ery
Psme3	Ery
Foxo3	Ery
Camsap2	Ery
Fzr1	Ery
Cldn13	Ery
Cmas	Ery
Gm16793	Ery
Cyb5	Ery
Otud5	Ery
Ift80	Ery
Urod	Ery
Mboat2	Ery
Kif4	Ery
Nyap1	Ery
Slc1a5	Ery
Ccrl2	Ery
Zfp341	Ery
Ccnb2	Ery
Orc1	Ery
Spdl1	Ery
Ninl	Ery
Atl1	Ery
Ank	Ery
Slfn14	Ery
Klhl12	Ery
Ces2g	Ery
Kif18a	Ery
Odf2	Ery
Hist1h2bm	Ery
Fam117a	Ery
Phyhip	Ery
Ppp1r15a	Ery
Nmnat3	Ery
Gm16515	Ery
Vopp1	Ery
E130309D14Rik	Ery
Map4k5	Ery
Aurka	Ery
Hist1h2ak	Ery
Diap3	Ery
Kctd7	Ery
Arhgap23	Ery
E2f8	Ery
Xpo7	Ery
Ube2r2	Ery
Rbm38	Ery
Abcg2	Ery
2310022B05Rik	Ery
Tg	Ery
Gapvd1	Ery
Hipk2	Ery
Bcorl1	Ery
Hist1h2aa	Ery
Tubb2a	Ery
Lpcat3	Ery
Tspan33	Ery
Apol11b	Ery
Cd24a	Ery
Stom	Ery
Mcph1	Ery
Ppox	Ery
Prox2	Ery
Creg1	Ery
Unc5cl	Ery
Memo1	Ery
Hbb-bs	Ery
Usp49	Ery
8430419L09Rik	Ery
Wipi2	Ery
Gadd45a	Ery
Ube2e2	Mye
Cd86	Mye
Fam160a2	Mye
Skap2	Mye
Pfkfb4	Mye
Ccpg1	Mye
Dpp10	Mye
Sirpa	Mye
Mcc	Mye
Lpar3	Mye
Lphn3	Mye
Rhog	Mye
Ncam1	Mye
Lyst	Mye
Ddr1	Mye
Sep-05	Mye
Dfna5	Mye
Zfp516	Mye
Acvrl1	Mye
Sdc3	Mye
Flnb	Mye
Hap1	Mye
Nhsl2	Mye
B430306N03Rik	Mye
Ocstamp	Mye
Dbn1	Mye
Tnf	Mye
Ldlr	Mye
Irg1	Mye
S100a9	Mye
Trpm2	Mye
Rtn1	Mye
Prdx5	Mye
Slco2b1	Mye
Gm2a	Mye
Gm9733	Mye
Dkk2	Mye
Tcf7l2	Mye
Tcn2	Mye
Lsp1	Mye
Hk3	Mye
Cd300lg	Mye
Pfkfb3	Mye
Zfp710	Mye
Anxa1	Mye
Rassf3	Mye
Itga8	Mye
Mreg	Mye
Trp53inp2	Mye
Cttnbp2nl	Mye
Mefv	Mye
Msra	Mye
Ptprm	Mye
Cadm1	Mye
Gpm6b	Mye
Fgfr1	Mye
Kcnj16	Mye
Clec7a	Mye
Fblim1	Mye
Arrdc4	Mye
Slc46a3	Mye
Cd14	Mye
AI839979	Mye
Rasgrp4	Mye
Nfkbiz	Mye
Sqrdl	Mye
Cacnb3	Mye
Igsf6	Mye
Pik3cb	Mye
Mmp8	Mye
Anpep	Mye
Ebi3	Mye
App	Mye
2310047M10Rik	Mye
Depdc7	Mye
Pid1	Mye
Acvr1	Mye
Agl	Mye
Cd300lf	Mye
4930506M07Rik	Mye
Axl	Mye
Adam15	Mye
Ccnd1	Mye
Ffar4	Mye
1300002K09Rik	Mye
9830107B12Rik	Mye
Hlx	Mye
Fndc7	Mye
BC039771	Mye
Vnn3	Mye
Batf3	Mye
Lmo1	Mye
Ltf	Mye
Dlc1	Mye
Aatk	Mye
Ston2	Mye
Tbc1d9	Mye
Bmx	Mye
Amer2	Mye
Atg7	Mye
Celf4	Mye
Ly6g5b	Mye
Gpr162	Mye
Apoc1	Mye
Slc15a3	Mye
Rin2	Mye
I830012O16Rik	Mye
Cd302	Mye
Il18bp	Mye
Pygl	Mye
Dscaml1	Mye
Sgip1	Mye
Vill	Mye
Kcnj10	Mye
Pram1	Mye
Tmem38b	Mye
Alox5	Mye
Slc8b1	Mye
Mafb	Mye
Tnfrsf1a	Mye
Gsn	Mye
Fmnl2	Mye
Ffar2	Mye
Rab32	Mye
Atrnl1	Mye
Sh3bp4	Mye
Pianp	Mye
P2ry13	Mye
Ptplad2	Mye
Csf3r	Mye
Ankrd33b	Mye
Pde4dip	Mye
Padi4	Mye
Ifi204	Mye
Slc2a3	Mye
Rgs2	Mye
Arg2	Mye
C5ar1	Mye
Dock4	Mye
Mmp9	Mye
Adora2b	Mye
Hpgds	Mye
Prr13	Mye
Cd101	Mye
Prkar1b	Mye
Wfdc17	Mye
Scamp5	Mye
Atp11a	Mye
Cd300lb	Mye
Zmynd15	Mye
S100a6	Mye
Dmxl2	Mye
Hp	Mye
Litaf	Mye
6430548M08Rik	Mye
Mapk4	Mye
Prom1	Mye
Agpat1	Mye
Eps8	Mye
Msr1	Mye
Frmd5	Mye
Cdhr3	Mye
Nlrp1b	Mye
Kcnj2	Mye
5430435G22Rik	Mye
Rps6ka2	Mye
Lrg1	Mye
Nfam1	Mye
Olfml2b	Mye
Avpi1	Mye
Gpr137b-ps	Mye
Mrc1	Mye
Upp1	Mye
Celsr3	Mye
Myadm	Mye
Pdlim7	Mye
Ier3	Mye
Lima1	Mye
Pglyrp1	Mye
Gcsam	Mye
4632428N05Rik	Mye
Tarm1	Mye
Mgst1	Mye
Ctnnd2	Mye
Hs3st2	Mye
Pilrb1	Mye
Mertk	Mye
Stap2	Mye
Usp35	Mye
Dgki	Mye
Orm1	Mye
B230208H11Rik	Mye
Cygb	Mye
Rnf144b	Mye
Trem3	Mye
Prss30	Mye
Lrrc27	Mye
Chil1	Mye
A530064D06Rik	Mye
Rhov	Mye
Rhou	Mye
Tmem50b	Mye
H2-Q10	Mye
Ppp1r3d	Mye
Pstpip2	Mye
Sema6d	Mye
Cd209d	Mye
Trabd2b	Mye
Flot1	Mye
Sfxn5	Mye
Camp	Mye
Map3k15	Mye
Dysf	Mye
Tmem150c	Mye
G0s2	Mye
Pnkp	Mye
Pgd	Mye
Gm5483	Mye
Ncf1	Mye
Pmaip1	Mye
Ppp1r3b	Mye
Arrb2	Mye
1700047M11Rik	Mye
Mettl9	Mye
Igf1	Mye
Snx21	Mye
H2-M2	Mye
Gpr84	Mye
Mfsd7a	Mye
Mpzl3	Mye
Clec4a2	Mye
Snta1	Mye
Slc22a15	Mye
Adam23	Mye
Clec1b	Mye
Mtus1	Mye
Ptprf	Mye
Mapk13	Mye
F630111L10Rik	Mye
Itgad	Mye
Aph1c	Mye
Lcn2	Mye
2900052N01Rik	Mye
G6pdx	Mye
Siglece	Mye
Chka	Mye
Por	Mye
Cd80	Mye
Slc40a1	Mye
Clec5a	Mye
Ppfibp2	Mye
Sort1	Mye
Syne1	Mye
1810011H11Rik	Mye
Papss2	Mye
Nostrin	Mye
Ralb	Mye
Ccl22	Mye
Galnt3	Mye
Bst1	Mye
Rbm47	Mye
Kitl	Mye
Fam89a	Mye
Nod2	Mye
Tmod2	Mye
Card10	Mye
Esrrg	Mye
Nxpe5	Mye
Sorl1	Mye
C2	Mye
Tnfsf13b	Mye
Ndst1	Mye
Tuba8	Mye
Upb1	Mye
Clmp	Mye
P2ry6	Mye
Fam49a	Mye
Slc1a3	Mye
Mocos	Mye
Man2b1	Mye
Adam22	Mye
Rufy4	Mye
Cebpd	Mye
Rasal2	Mye
Fpr2	Mye
Tlr11	Mye
Creb3l1	Mye
Map3k9	Mye
Ltb4r1	Mye
Il1rn	Mye
Ppp1r14a	Mye
Ptafr	Mye
Dnase1l3	Mye
Mgam	Mye
Pik3r6	Mye
Sash1	Mye
Met	Mye
Clec9a	Mye
C5ar2	Mye
Relb	Mye
Pcolce2	Mye
I830077J02Rik	Mye
Aldh3b1	Mye
Ccl24	Mye
Adap2	Mye
Itga9	Mye
F630028O10Rik	Mye
Gp49a	Mye
Cfp	Mye
S100a11	Mye
Cst3	Mye
Adpgk	Mye
F630206G17Rik	Mye
Crispld2	Mye
Cyp4f16	Mye
Junb	Mye
Tirap	Mye
Dnah2	Mye
Fam149a	Mye
Slc6a6	Mye
Dgat2	Mye
Gpi1	Mye
Sipa1l2	Mye
Csf2rb2	Mye
Ankrd22	Mye
Rps6kc1	Mye
Fmo5	Mye
Mogat2	Mye
Lmo4	Mye
Cpd	Mye
Itgb2l	Mye
R3hdm4	Mye
Gdf15	Mye
Arhgap28	Mye
Hdc	Mye
Frmd4b	Mye
Spon1	Mye
Arid3a	Mye
Tacstd2	Mye
Mir6236	Mye
Gsr	Mye
Lilra6	Mye
AA467197	Mye
Tbc1d2	Mye
Chst13	Mye
Grn	Mye
Lin28a	Mye
Cd177	Mye
Fcnb	Mye
Gm8221	Mye
Tgfbi	Mye
Inhba	Mye
Sik1	Mye
P2ry12	Mye
Oprd1	Mye
Cyp27a1	Mye
Lipa	Mye
Kcnk6	Mye
Ltbr	Mye
Cadm3	Mye
Stard5	Mye
Prok2	Mye
Aldh2	Mye
Mmp25	Mye
2610528A11Rik	Mye
Asah1	Mye
Fam217b	Mye
Olr1	Mye
Tnnt1	Mye
Cxcl10	Mye
Slc16a3	Mye
Cd63	Mye
Actb	Mye
Apba1	Mye
Notch4	Mye
Nudt17	Mye
Crtac1	Mye
Ifnlr1	Mye
Rp2h	Mye
Zfp366	Mye
Pilra	Mye
Dgkg	Mye
Themis2	Mye
Ckap4	Mye
Evi2a	Mye
Il1b	Mye
D17H6S53E	Mye
Kiss1r	Mye
Gca	Mye
Slpi	Mye
Cib2	Mye
Ehf	Mye
Stab2	Mye
Sep-03	Mye
Dstn	Mye
Slc31a2	Mye
Snx24	Mye
Lilrb4	Mye
Naaa	Mye
Ccl6	Mye
Lcp1	Mye
Atf3	Mye
Mrgpra2b	Mye
Cxcl16	Mye
Stfa2l1	Mye
Syngr2	Mye
Slc7a11	Mye
Cyp7b1	Mye
Tlr2	Mye
Ano10	Mye
Nlrp12	Mye
Adora3	Mye
Amz1	Mye
Rogdi	Mye
Pi16	Mye
Sep-10	Mye
Nlrp3	Mye
Apol7c	Mye
C1rl	Mye
Ms4a7	Mye
Arhgap22	Mye
Hspa1a	Mye
Arhgap6	Mye
Rem1	Mye
Nav1	Mye
Cd209a	Mye
Cxcl9	Mye
Dhrs7	Mye
Fam129a	Mye
Rassf4	Mye
Ngp	Mye
Ptgir	Mye
Nr1h3	Mye
Marcks	Mye
Tmem38a	Mye
Pigz	Mye
Tmtc2	Mye
Atxn10	Mye
Lgals3	Mye
B4galt6	Mye
Cebpe	Mye
Scrg1	Mye
Mir7678	Mye
Zbtb42	Mye
Fes	Mye
Slfn4	Mye
Fosb	Mye
Pvrl1	Mye
Cd33	Mye
Gpr124	Mye
Slco4c1	Mye
Nuak1	Mye
Lyz1	Mye
Spi1	Mye
Clec4d	Mye
Ceacam10	Mye
Timd4	Mye
Leprel1	Mye
Lrp4	Mye
Ppfia4	Mye
Ccno	Mye
Mpzl1	Mye
Adam8	Mye
Ccdc63	Mye
Slc27a4	Mye
Megf9	Mye
Trem1	Mye
Timp2	Mye
Slfn2	Mye
Nat8l	Mye
Csf2rb	Mye
Dscam	Mye
1810033B17Rik	Mye
Adam11	Mye
Plaur	Mye
Thbs1	Mye
Gpr4	Mye
Sh3pxd2b	Mye
Serpinb8	Mye
Hmox1	Mye
Ccr1	Mye
Rgl1	Mye
S100a8	Mye
Il12b	Mye
Fstl3	Mye
Adamdec1	Mye
Ifitm6	Mye
Ppt1	Mye
Pla2g7	Mye
Clec4e	Mye
Id1	Mye
Tmem132c	Mye
F5	Mye
Lrrc25	Mye
C3	Mye
Plbd1	Mye
Ptchd1	Mye
Kbtbd7	Mye
Fhod1	Mye
Vcam1	Mye
Acta2	Mye
Asprv1	Mye
Slco5a1	Mye
Fndc5	Mye
Cd300c	Mye
1100001G20Rik	Mye
Pabpc1l	Mye
Rnd3	Mye
Dgat1	Mye
Glrx	Mye
Prss16	Mye
Gm10872	Mye
Ahr	Mye
Anxa3	Mye
Rab3d	Mye
Msrb1	Mye
Gys1	Mye
Ckb	Mye
Rab44	Mye
Gpr126	Mye
Fut4	Mye
Rims3	Mye
Aph1b	Mye
Hk2	Mye
Slc6a12	Mye
Tmem86a	Mye
Pira1	Mye
Il1f9	Mye
Xcr1	Mye
Tbc1d8	Mye
1600010M07Rik	Mye
Slamf8	Mye
Niacr1	Mye
Ptgs1	Mye
2010002M12Rik	Mye
Rnd1	Mye
5430421N21Rik	Mye
Retnlg	Mye
Pilrb2	Mye
Lifr	Mye
Asb2	Mye
Plxnc1	Mye
Zfp36	Mye
Vstm4	Mye
Fbxl5	Mye
Cmbl	Mye
Akr1b7	Mye
Abca13	Mye
Klk1	Mye
Lyz2	Mye
Mir147	Mye
Sgms2	Mye
Epb4	Mye
Cfb	Mye
Myo1h	Mye
Il1r2	Mye
Mab21l3	Mye
Ppp1r42	Mye
Negr1	Mye
Bcl2l14	Mye
Pak1	Mye
Cxcr2	Mye
Ccdc148	Mye
Cdc42ep2	Mye
Scn3a	Mye
Scnn1a	Mye
Alox5ap	Mye
Ncf2	Mye
Pirb	Mye
Osgin1	Mye
Ap5b1	Mye
9830166K06Rik	Mye
Spint1	Mye
Spats2	Mye
Aif1	Mye
Slc22a20	Mye
Fos	Mye
Ptgis	Mye
Lpcat2	Mye
Tnfrsf11a	Mye
Mboat7	Mye
Cldn15	Mye
Rnf149	Mye
C6	Mye
Klra17	Mye
Fcgr3	Mye
Pla2g2d	Mye
Adap1	Mye
Dnah6	Mye
Fscn1	Mye
Marco	Mye
Rab31	Mye
Chil3	Mye
Dhrs9	Mye
Fpr1	Mye
Fosl2	Mye
Tpd52	Mye
Abhd12	Mye
Dusp3	Mye
S100a4	Mye
Psap	Mye
Zeb2os	Mye
Cebpa	Mye
Deptor	Mye
Epx	Mye
Ifi27l2a	Mye
Zfyve28	Mye
Mgl2	Mye
E230029C05Rik	Mye
LOC100038947	Mye
Fcgr2b	Mye
Ip6k3	Mye
Fn1	Mye
Mx2	Mye
Arhgef37	Mye
Cfh	Mye
Cd300a	Mye
Prg2	Mye
Cysltr1	Mye
Tifab	Mye
Tmem150b	Mye
Vcan	Mye
Idh1	Mye
Ctbp2	Mye
Serpina11	Mye
Prg3	Mye
Gm5431	Mye
Emr1	Mye
Siglec1	Mye
Stard8	Mye
Irak3	Mye
Anxa5	Mye
Lpl	Mye
Serpinb10	Mye
Mapkapk2	Mye
Camk1	Mye
Gm5150	Mye
0610040J01Rik	Mye
Ugt1a5	Mye
Lamp2	Mye
Bmf	Mye
Rgag4	Mye
Ticam2	Mye
Cmtm3	Mye
Rnpep	Mye
Nrp2	Mye
Rwdd2a	Mye
Tspan17	Mye
Itfg3	Mye
Plxnb2	Mye
Flt1	Mye
Irf5	Mye
H2-Aa	Mye
Klra2	Mye
Ccdc109b	Mye
Ctss	Mye
Tmem106a	Mye
Lsr	Mye
Alox12e	Mye
Fcgr1	Mye
Ptpro	Mye
Fkbp1b	Mye
Ccdc88a	Mye
Sowahc	Mye
Npc2	Mye
Tcea3	Mye
Galnt9	Mye
Plod3	Mye
Csf2ra	Mye
Scarb1	Mye
Prkcd	Mye
Slc12a9	Mye
Tppp3	Mye
Lacc1	Mye
Oas2	Mye
Rspo1	Mye
Ugt1a1	Mye
Abca9	Mye
Ugt1a6b	Mye
Kank3	Mye
Rnf150	Mye
Ctsh	Mye
Tmem51	Mye
C3ar1	Mye
Pltp	Mye
Pros1	Mye
Stx3	Mye
Cd68	Mye
Atp6v0d2	Mye
Vwa5a	Mye
E230016K23Rik	Mye
Ugt1a7c	Mye
F13a1	Mye
Ugt1a10	Mye
Slfn5	Mye
Susd3	Mye
Hmga2-ps1	Mye
Ms4a8a	Mye
Klf4	Mye
Ms4a6c	Mye
Ccl9	Mye
Mx1	Mye
Gapt	Mye
Pld4	Mye
Ear7	Mye
Ap1s2	Mye
Alox15	Mye
AI607873	Mye
Ctsc	Mye
Pde7b	Mye
Ifit3	Mye
Inpp5j	Mye
Tnip3	Mye
Ccr2	Mye
Siglec5	Mye
Ndrg1	Mye
P2rx7	Mye
Trem2	Mye
Nlrp1a	Mye
Alpk1	Mye
Clec10a	Mye
Lamp1	Mye
Vim	Mye
Kcne3	Mye
Ugt1a9	Mye
AF251705	Mye
Gm1673	Mye
Fam20c	Mye
Sirpb1b	Mye
Ifi30	Mye
Ctsk	Mye
4930412C18Rik	Mye
Rnase4	Mye
Ly6c2	Mye
Clec4b1	Mye
Stxbp6	Mye
Ugt1a2	Mye
Apobec1	Mye
Eif4e3	Mye
Phf11a	Mye
Ehd4	Mye
Ugt1a6a	Mye
Rilp	Mye
Fcgrt	Mye
Tns4	Mye
Ifitm3	Mye
Sestd1	Mye
Abcd2	Mye
Soat1	Mye
Cybb	Mye
Ear1	Mye
Cd209c	Mye
Trex1	Mye
Dnajb14	Mye
Il18	Mye
Clec4a1	Mye
Phf11d	Mye
Plxnd1	Mye
Gpx3	Mye
Tep1	Mye
Mpeg1	Mye
Ms4a6d	Mye
Smpdl3a	Mye
Plcb1	Mye
Rnf217	Mye
Hpse	Mye
Ear6	Mye
Gpr141	Mye
F10	Mye
Gamt	Mye
Phf11b	Mye
Pkdcc	Mye
Lst1	Mye
Il13ra1	Mye
Mnda	Mye
Lrp1	Mye
Atp6v1b2	Mye
Sgce	Prog
Vpreb3	Prog
Mecom	Prog
Mdfi	Prog
Hoxa9	Prog
Smtn	Prog
Gm5124	Prog
Gfra1	Prog
Kank2	Prog
Csrp3	Prog
Nr0b2	Prog
Fut1	Prog
Mpl	Prog
Dkkl1	Prog
Dio2	Prog
Muc13	Prog
1700102H20Rik	Prog
Map9	Prog
Shank3	Prog
Rag1	Prog
Stxbp1	Prog
Obsl1	Prog
2900026A02Rik	Prog
Ccl27a	Prog
Tnfrsf17	Prog
Mn1	Prog
Meis1	Prog
Alpl	Prog
Fam221a	Prog
Grb10	Prog
Gna14	Prog
Dntt	Prog
Bgn	Prog
Ccdc149	Prog
Zbed3	Prog
Tle6	Prog
Armcx1	Prog
Vegfa	Prog
Krt18	Prog
Efcc1	Prog
Epha2	Prog
Trpc6	Prog
Ifitm7	Prog
Ptk7	Prog
Efna4	Prog
Bcat1	Prog
Ncs1	Prog
Arpp21	Prog
Chst1	Prog
Nkx2-3	Prog
Afap1l1	Prog
Sdc1	Prog
Rtkn	Prog
Sapcd1	Prog
Rnf208	Prog
Lphn2	Prog
Prlr	Prog
Wfdc2	Prog
Mif	Prog
Pon3	Prog
Fam69b	Prog
Aldh7a1	Prog
Fam64a	Prog
Fkbp11	Prog
Wnt10a	Prog
Rab38	Prog
Serf1	Prog
Nrxn1	Prog
Gpr125	Prog
Emp1	Prog
Txnrd3	Prog
Cep170b	Prog
Txndc5	Prog
2610307P16Rik	Prog
4930520O04Rik	Prog
Meg3	Prog
Tceal5	Prog
Myl10	Prog
Pls1	Prog
Cyp2j6	Prog
Tmem121	Prog
Uaca	Prog
Sdsl	Prog
Cldn7	Prog
Ly6k	Prog
Slc16a11	Prog
Prkcdbp	Prog
Pafah2	Prog
Mfsd4	Prog
Msrb3	Prog
Csgalnact1	Prog
Fam65a	Prog
Sh2d5	Prog
Arhgef25	Prog
Vpreb2	Prog
Rnase12	Prog
Rpp40	Prog
Egfl7	Prog
Col4a2	Prog
Zfp428	Prog
Epb4	Prog
Pf4	Prog
Ak4	Prog
Il17re	Prog
Krt10	Prog
Lrrc49	Prog
Etl4	Prog
Pebp1	Prog
Hlf	Prog
Bfsp2	Prog
Evc2	Prog
Tnfrsf19	Prog
Phlda2	Prog
2610524H06Rik	Prog
Pcp4l1	Prog
Sox4	Prog
Npdc1	Prog
Oosp1	Prog
Prkg1	Prog
Irak1bp1	Prog
Ccdc135	Prog
H19	Prog
Sgsm1	Prog
Pycr1	Prog
Hnf4a	Prog
Igj	Prog
Mmp11	Prog
Mycn	Prog
Rcor2	Prog
Slc18a2	Prog
Gm973	Prog
Gata2	Prog
Rhobtb3	Prog
Slc7a4	Prog
Col4a1	Prog
Fxyd6	Prog
Mt2	Prog
Fgd1	Prog
Flywch2	Prog
Odf3b	Prog
Sspo	Prog
Uchl1	Prog
Ociad2	Prog
Kif17	Prog
Eltd1	Prog
Cplx2	Prog
Cul7	Prog
Cyp2j9	Prog
Mthfd2l	Prog
Hspd1	Prog
Fgd5	Prog
Rpl37a	Prog
Abhd14a	Prog
Nlgn2	Prog
Bex1	Prog
Gpr56	Prog
Pomgnt2	Prog
Prdm16	Prog
Serpinf1	Prog
Mnd1	Prog
Islr	Prog
Myct1	Prog
Igll1	Prog
Trim47	Prog
Prdm5	Prog
9030619P08Rik	Prog
Tmem98	Prog
Bcam	Prog
Ccr10	Prog
Pbx4	Prog
Gp5	Prog
Robo4	Prog
5930403L14Rik	Prog
Gstm7	Prog
AI661453	Prog
Gng11	Prog
2700046G09Rik	Prog
Tie1	Prog
Arhgef28	Prog
Tmem91	Prog
Fbp1	Prog
Ankrd24	Prog
Nrgn	Prog
1500009L16Rik	Prog
Ptrf	Prog
Derl3	Prog
Pcbd1	Prog
Vpreb1	Prog
Coro2b	Prog
Samd12	Prog
Scn4b	Prog
Nynrin	Prog
Mt1	Prog
Gmpr	Prog
Dnph1	Prog
Bok	Prog
Bhlha15	Prog
