Gene	ID
Igll1	Progenitor
Vpreb1	Progenitor
Tie1	Progenitor
Myct1	Progenitor
Hoxb4	Progenitor
Procr	Progenitor
Hlf	Progenitor
Myl10	Progenitor
Robo4	Progenitor
Vpreb2	Progenitor
Fut1	Progenitor
Fxyd6	Progenitor
Nkx2-3	Progenitor
Mecom	Progenitor
Mpl	Progenitor
Tceal5	Progenitor
Tnfrsf17	Progenitor
Bgn	Progenitor
Meg3	Progenitor
H19	Progenitor
Phlda2	Progenitor
Ptrf	Progenitor
Wfdc2	Progenitor
5930403L14Rik	Progenitor
Evc	Progenitor
Mfap2	Progenitor
Sgsm1	Progenitor
Trpc6	Progenitor
Bex1	Progenitor
Chst1	Progenitor
Jam3	Progenitor
Ndn	Progenitor
Nsg1	Progenitor
Egfl7	Progenitor
Uaca	Progenitor
Bok	Progenitor
Ccdc135	Progenitor
Shank3	Progenitor
4930556M19Rik	Progenitor
Ccm2l	Progenitor
Clec2g	Progenitor
Col16a1	Progenitor
Rab40b	Progenitor
Tcf15	Progenitor
Arpp21	Progenitor
Efcc1	Progenitor
AI661453	Progenitor
Aspa	Progenitor
Bdh2	Progenitor
Clec4f	Progenitor
Cx3cl1	Progenitor
Pde9a	Progenitor
Rhpn2	Progenitor
Gpr56	Progenitor
Rnf208	Progenitor
Slc7a4	Progenitor
Prkcdbp	Progenitor
Gata2	Progenitor
Cdh2	Progenitor
Cxcl12	Progenitor
H2-M10.1	Progenitor
Igsf10	Progenitor
Kif6	Progenitor
Mlph	Progenitor
Morc4	Progenitor
Sdpr	Progenitor
Stard13	Progenitor
Vash1	Progenitor
Zfp618	Progenitor
Zfp697	Progenitor
Scn4b	Progenitor
Pls1	Progenitor
Obsl1	Progenitor
Mn1	Progenitor
Afap1l1	Progenitor
Wnt10a	Progenitor
Ccr10	Progenitor
Gm973	Progenitor
Mfsd4	Progenitor
Vldlr	Progenitor
Cplx2	Progenitor
Cyp2j6	Progenitor
Hnf4a	Progenitor
Uchl1	Progenitor
Flywch2	Progenitor
Ptk7	Progenitor
Eltd1	Progenitor
Mdfi	Progenitor
Oosp1	Progenitor
Tmem98	Progenitor
Kif17	Progenitor
Hoxa9	Progenitor
Nlgn2	Progenitor
Dcaf12l1	Progenitor
Madcam1	Progenitor
Cldn7	Progenitor
Bcat1	Progenitor
Tas1r1	Progenitor
Derl3	Progenitor
Ccdc149	Progenitor
Pcbd1	Progenitor
Prlr	Progenitor
Map9	Progenitor
Muc13	Progenitor
Cyp2j9	Progenitor
Prdm5	Progenitor
Rnase12	Progenitor
Pycr1	Progenitor
Hoxa10	Progenitor
Mei4	Progenitor
Krt18	Progenitor
Ociad2	Progenitor
Fgd5	Progenitor
Csgalnact1	Progenitor
Pomgnt2	Progenitor
Rtkn	Progenitor
4930520O04Rik	Progenitor
Ak4	Progenitor
Evc2	Progenitor
Nynrin	Progenitor
Col4a2	Progenitor
Smtn	Progenitor
Rcor2	Progenitor
4930578M01Rik	Progenitor
Rhoj	Progenitor
Thsd4	Progenitor
Gmpr	Progenitor
Fam13a	Progenitor
Pcp4l1	Progenitor
Mt1	Progenitor
Lphn2	Progenitor
Grb10	Progenitor
9030619P08Rik	Progenitor
Pafah2	Progenitor
Mnd1-ps	Progenitor
Tnfrsf19	Progenitor
Igj	Progenitor
Col4a1	Progenitor
Irak1bp1	Progenitor
Serf1	Progenitor
Bcam	Progenitor
D630039A03Rik	Progenitor
Nrgn	Progenitor
Gstm7	Progenitor
6030408B16Rik	Progenitor
Otos	Progenitor
Sdc1	Progenitor
Zfp428	Progenitor
Prkg1	Progenitor
Acy3	Progenitor
Fam69b	Progenitor
Odf3b	Progenitor
Cspg5	Progenitor
Syndig1l	Progenitor
Nrxn1	Progenitor
Sspo	Progenitor
Cpxm1	Progenitor
Vipr2	Progenitor
Armcx1	Progenitor
2610307P16Rik	Progenitor
Fkbp11	Progenitor
Efna4	Progenitor
Zfp612	Progenitor
Fam65a	Progenitor
Kank2	Progenitor
Lhcgr	Progenitor
Rbfox2	Progenitor
Il17re	Progenitor
Trim47	Progenitor
1700102H20Rik	Progenitor
Slc16a11	Progenitor
Ly6k	Progenitor
Fam64a	Progenitor
Arhgef28	Progenitor
2700046G09Rik	Progenitor
Arg1	Progenitor
Bhlha15	Progenitor
1500009L16Rik	Progenitor
Hoxb2	Progenitor
Gm5124	Progenitor
Zfp575	Progenitor
Krt10	Progenitor
Gfra1	Progenitor
Coro2b	Progenitor
Bfsp2	Progenitor
Sh2d5	Progenitor
Tead2	Progenitor
Akap6	Progenitor
D630045J12Rik	Progenitor
Ccdc158	Progenitor
Vegfa	Progenitor
Ankrd24	Progenitor
Txnrd3	Progenitor
Lrfn4	Progenitor
Nr0b2	Progenitor
Epha2	Progenitor
Npr1	Progenitor
Tmem121	Progenitor
Mmp11	Progenitor
Alpl	Progenitor
Fgd1	Progenitor
Syn3.1	Progenitor
Gpr125	Progenitor
Dkkl1	Progenitor
4930447C04Rik	Progenitor
Ncs1	Progenitor
Zfp647	Progenitor
Fam221a	Progenitor
Meis1	Progenitor
Islr	Progenitor
Etl4	Progenitor
Emp1	Progenitor
Lrrc49	Progenitor
D6Ertd527e	Progenitor
Kcnab1	Progenitor
Prdm16	Progenitor
Agbl5	Progenitor
Pbx4	Progenitor
Fam72a	Progenitor
Tmem91	Progenitor
Lrp11	Progenitor
Mtss1l	Progenitor
Zbed3	Progenitor
Mthfd2l	Progenitor
Mill2	Progenitor
Mir7051	Progenitor
Vpreb3	Progenitor
Fut10	Progenitor
C77080	Progenitor
Txndc5	Progenitor
Samd12	Progenitor
Plxna4	Progenitor
Abhd14a	Progenitor
Dnph1	Progenitor
Rpp40	Progenitor
Mnd1	Progenitor
1700084E18Rik	Progenitor
Camsap3	Progenitor
Msrb3	Progenitor
Smtnl1	Progenitor
Sox4	Progenitor
Hspd1	Progenitor
Cul7	Progenitor
Cep170b	Progenitor
Aldh7a1	Progenitor
Ccl27a	Progenitor
2610524H06Rik	Progenitor
Ano1	Progenitor
Cacna1b	Progenitor
Npdc1	Progenitor
Sapcd1	Progenitor
2900026A02Rik	Progenitor
Fzd6	Progenitor
Npr2	Progenitor
Zfp532	Progenitor
Cdkn1c	Progenitor
Erg	Progenitor
Plekhg6	Progenitor
Echdc3	Progenitor
Shmt1	Progenitor
2700094K13Rik	Progenitor
Lzts2	Progenitor
2010204K13Rik	Progenitor
Il10	Progenitor
Clip3	Progenitor
Lmnb2	Progenitor
Pcsk4	Progenitor
Rbp1	Progenitor
Hoxa7	Progenitor
Cdk4	Progenitor
L2hgdh	Progenitor
Rabl2	Progenitor
Kctd1	Progenitor
Afm	Progenitor
Pcdhga10	Progenitor
Pcdhga11	Progenitor
Pcdhga12	Progenitor
Pcdhgb7	Progenitor
Pcdhgb8	Progenitor
Myc	Progenitor
Cacna1h	Progenitor
Akap1	Progenitor
Nhp2	Progenitor
Dgcr6	Progenitor
Nthl1	Progenitor
Sssca1	Progenitor
Scarf1	Progenitor
Mpped2	Progenitor
Nsun7	Progenitor
Arhgef33	Progenitor
Ccdc141	Progenitor
Six5	Progenitor
Grb7	Progenitor
Srm	Progenitor
Dnah1	Progenitor
Car13	Progenitor
Mdga1	Progenitor
Pcdhgc5	Progenitor
H1fx	Progenitor
Epcam	Progenitor
Cacnb2	Progenitor
Hgfac	Progenitor
Chrnb1	Progenitor
2810410L24Rik	Progenitor
Slc18b1	Progenitor
Ruvbl2	Progenitor
2610318N02Rik	Progenitor
Pcdhga8	Progenitor
Cbx2	Progenitor
Fam195a	Progenitor
Inha	Progenitor
Rag2	Progenitor
Ddah2	Progenitor
Mira	Progenitor
Hoxa3	Progenitor
Pcdhga9	Progenitor
Pcdhgb5	Progenitor
Pcdhgb6	Progenitor
Slc22a3	Progenitor
Nme4	Progenitor
Nr1d1	Progenitor
Aire	Progenitor
Dync2li1	Progenitor
Magi1	Progenitor
Slc1a4	Progenitor
Tmem88	Progenitor
Khdrbs3	Progenitor
Tmem53	Progenitor
Gemin4	Progenitor
Pcdhgc3	Progenitor
Hif3a	Progenitor
Smyd2	Progenitor
5033411D12Rik	Progenitor
Hmga2	Progenitor
Arhgef5	Progenitor
Thsd1	Progenitor
Hsp90ab1	Progenitor
Ppp1r9a	Progenitor
Mzb1	Progenitor
AI506816.1	Progenitor
Mex3a	Progenitor
AI848285	Progenitor
Lamb2	Progenitor
Mamdc2	Progenitor
Gpam	Progenitor
Zfp704	Progenitor
Lxn	Progenitor
Phldb1	Progenitor
Xrcc6bp1	Progenitor
Tle2	Progenitor
Pcdhgc4	Progenitor
Pop1	Progenitor
Selp	Progenitor
Prep	Progenitor
Bahcc1	Progenitor
Sox13	Progenitor
Pcdhga2	Progenitor
Pcdhga3	Progenitor
Pcdhga4	Progenitor
Pcdhga5	Progenitor
Pcdhgb1	Progenitor
Pcdhgb2	Progenitor
Rrp15	Progenitor
Mrpl12	Progenitor
Ccdc14	Progenitor
Tomm5	Progenitor
4933406C10Rik	Progenitor
Padi1	Progenitor
Ift122	Progenitor
Ptgr1	Progenitor
Nt5dc2	Progenitor
Cped1	Progenitor
Trmt61b	Progenitor
2610306M01Rik	Progenitor
P2rx3	Progenitor
Snrpd2	Progenitor
Cct3	Progenitor
9530082P21Rik	Progenitor
Gjb3	Progenitor
Leprel2	Progenitor
Pcdhga6	Progenitor
Pcdhga7	Progenitor
Pcdhgb4	Progenitor
Chac1	Progenitor
Ddx56	Progenitor
Maged2	Progenitor
Hadh	Progenitor
Cct6a	Progenitor
Cdk18	Progenitor
Snhg7	Progenitor
Polr3h	Progenitor
Cd34	Progenitor
Homer3	Progenitor
Mir682	Progenitor
Ahcy	Progenitor
Fbxo44	Progenitor
Mblac1	Progenitor
Pcdhga1	Progenitor
Ccpg1os	Progenitor
Srl	Progenitor
Evpl	Progenitor
Pecr	Progenitor
Impdh1	Progenitor
Smco4	Progenitor
Kif3a	Progenitor
Ftsj2	Progenitor
Nme1	Progenitor
Kdelc1	Progenitor
Prpf19	Progenitor
9830147E19Rik	Progenitor
Gprc5b	Progenitor
Bcr	Progenitor
4933439C10Rik	Progenitor
Rpl29	Progenitor
Sema6c	Progenitor
2010107G23Rik	Progenitor
Fkbp4	Progenitor
Slc22a17	Progenitor
Pex11g	Progenitor
Cep55	Progenitor
Rapgef3	Progenitor
Hspbp1	Progenitor
Zfp518b	Progenitor
Scrn2	Progenitor
Fam110b	Progenitor
Poldip2	Progenitor
1110038B12Rik	Progenitor
Thnsl2	Progenitor
Zfp651	Progenitor
Tlcd2	Progenitor
Napb	Progenitor
Thop1	Progenitor
Mgme1	Progenitor
Vkorc1	Progenitor
Rsph9	Progenitor
Rcc2	Progenitor
Creb3l2	Progenitor
Eef1g	Progenitor
Myb	Progenitor
Hmgn5	Progenitor
Fdx1	Progenitor
Metrn	Progenitor
Dusp23	Progenitor
Pdgfrb	Progenitor
AI854703	Progenitor
Ccdc90b	Progenitor
1810044D09Rik	Progenitor
Mlec	Progenitor
Gas6	Progenitor
Zfp637	Progenitor
Spns2	Progenitor
Rps20	Progenitor
Ppp1r14b	Progenitor
Tmem150a	Progenitor
Lyar	Progenitor
Nop16	Progenitor
Def8	Progenitor
Prpf31	Progenitor
Dnajc21	Progenitor
C030037D09Rik	Progenitor
Clic5	Progenitor
Mrto4	Progenitor
Llph	Progenitor
Dctd	Progenitor
Psat1	Progenitor
Acvr2b	Progenitor
Mrpl11	Progenitor
Gpx7	Progenitor
Megf8	Progenitor
Ptov1	Progenitor
Akap12	Progenitor
Csmd1	Progenitor
Kazn	Progenitor
Adsl	Progenitor
Mrpl54	Progenitor
C1ra	Progenitor
Fut8	Progenitor
Wdr18	Progenitor
C1qbp	Progenitor
Nomo1	Progenitor
Usp54	Progenitor
Zfp629	Progenitor
Rpusd2	Progenitor
Tmem119	Progenitor
Vdr	Progenitor
Nme6	Progenitor
Mfge8	Progenitor
Fam171a1	Progenitor
Asah2	Progenitor
Wdr19	Progenitor
1700048O20Rik	Progenitor
Dancr	Progenitor
Gm5134	Progenitor
T2	Progenitor
Apbb1	Progenitor
Gprasp2	Progenitor
St6galnac5	Progenitor
Apex1	Progenitor
Psmg1	Progenitor
Srp68	Progenitor
Phf19	Progenitor
Camk2a	Progenitor
Tmem180	Progenitor
Pafah1b3	Progenitor
Pcbp3	Progenitor
Dnajc12	Progenitor
Eps8l2	Progenitor
Thrb	Progenitor
Wwc2	Progenitor
Slc25a1	Progenitor
Zc3h7b	Progenitor
Eng	Progenitor
Lgals9	Progenitor
Igf2bp2	Progenitor
B9d1	Progenitor
Tspan6	Progenitor
Nphp4	Progenitor
Vegfb	Progenitor
Gm12185	Progenitor
Med12l	Progenitor
Gkap1	Progenitor
Tsfm	Progenitor
Pomt2	Progenitor
2810004N23Rik	Progenitor
Gar1	Progenitor
Atf5	Progenitor
Krtcap2	Progenitor
Azi1	Progenitor
Nolc1	Progenitor
Dctpp1	Progenitor
Rps6	Progenitor
Gm13826	Progenitor
Sirt3	Progenitor
Pdxp	Progenitor
Nudt2	Progenitor
Hoxa5	Progenitor
Ampd2	Progenitor
Gtf2h4	Progenitor
Ltbp3	Progenitor
Tspan4	Progenitor
Tsr2	Progenitor
Mybbp1a	Progenitor
Ppa1	Progenitor
Tmem108	Progenitor
Ptpla	Progenitor
Sec24d	Progenitor
Nop2	Progenitor
N4bp3	Progenitor
Gcsh	Progenitor
Ppapdc3	Progenitor
Ctdspl	Progenitor
Edem2	Progenitor
Ubfd1	Progenitor
Rec8	Progenitor
Wdr74	Progenitor
Wdr6	Progenitor
Tars	Progenitor
Repin1	Progenitor
Gm17296	Progenitor
Cacna1s	Progenitor
Tctex1d1	Early-Mye
Ptpru	Early-Mye
Ms4a2	Early-Mye
Mpo	Early-Mye
Elane	Early-Mye
Chdh	Early-Mye
Ctsg	Early-Mye
Prtn3	Early-Mye
Hsd17b1	Early-Mye
Prss57	Early-Mye
Slc36a2	Early-Mye
Dmkn	Early-Mye
Gria3	Early-Mye
Bace1	Early-Mye
Bzrap1	Early-Mye
BC005764	Early-Mye
Tslp	Early-Mye
Tfec	Early-Mye
Afap1	Early-Mye
Egln3	Early-Mye
Tmem82	Early-Mye
Nrg1	Early-Mye
Trim45	Early-Mye
Lonrf3	Early-Mye
Alas1	Early-Mye
Ms4a3	Early-Mye
Ap3s1	Early-Mye
Amot	Early-Mye
Nrg2	Early-Mye
Ttc21a	Early-Mye
Igfbp4	Early-Mye
Ino80dos	Early-Mye
Cpa3	Early-Mye
Ifitm7	Early-Mye
Maoa	Early-Mye
Calr	Early-Mye
Atp8b4	Early-Mye
Stox2	Early-Mye
Stk30	Early-Mye
Far2	Early-Mye
Bambi	Early-Mye
Celsr1	Early-Mye
Msantd3	Early-Mye
Gng12	Early-Mye
Ccbl2	Early-Mye
Dio2	Early-Mye
Matn2	Early-Mye
P2ry2	Early-Mye
Dmc1	Early-Mye
Gstm1	Early-Mye
Epha7	Early-Mye
9630033F20Rik	Early-Mye
Mlkl	Early-Mye
Gfi1	Early-Mye
1700020L24Rik	Early-Mye
Mmp28	Early-Mye
Slc25a13	Early-Mye
Slco4a1	Early-Mye
P4hb	Early-Mye
Gla	Early-Mye
Vat1	Early-Mye
Paox	Early-Mye
Coprs	Early-Mye
Hspa13	Early-Mye
Lepre1	Early-Mye
Serpinf1	Early-Mye
B4galt4	Early-Mye
Papss2	Early-Mye
Met	Early-Mye
Spsb4	Early-Mye
Ern1	Early-Mye
Il11ra1	Early-Mye
Bambi-ps1	Early-Mye
Sntb1	Early-Mye
Mmp19	Early-Mye
F630028O10Rik	Early-Mye
Wls	Early-Mye
Siglec5	Early-Mye
Lbp	Early-Mye
Nxn	Early-Mye
Slco3a1	Early-Mye
Agps	Early-Mye
Dhdh	Early-Mye
Mapkapk3	Early-Mye
Mcf2l	Early-Mye
Atp6ap2	Early-Mye
Slc36a1	Early-Mye
Glt1d1	Early-Mye
Prss16	Early-Mye
Cebpa	Early-Mye
Emb	Early-Mye
Sh2b2	Early-Mye
Sh3pxd2b	Early-Mye
Erlin1	Early-Mye
Mtap7d3	Early-Mye
Cacna1f	Early-Mye
Slc4a8	Early-Mye
Tmem165	Early-Mye
Vav3	Early-Mye
Olr1	Early-Mye
Ncam1	Early-Mye
Rab44	Early-Mye
B4galt6	Early-Mye
Palm	Early-Mye
Rps6ka2	Early-Mye
Anxa3	Early-Mye
Tbc1d2	Early-Mye
Adssl1	Early-Mye
Csgalnact2	Early-Mye
Guca1a	Early-Mye
Clec12a	Early-Mye
Sema6b	Early-Mye
Cldn15	Early-Mye
Chst13	Early-Mye
Mrpl33	Early-Mye
Gpx3	Early-Mye
Ly6c2	Early-Mye
Deptor	Early-Mye
Lmo1	Early-Mye
Hk3	Early-Mye
Scnn1a	Early-Mye
Idh1	Early-Mye
Tmem150b	Early-Mye
F13a1	Early-Mye
Ctbp2	Early-Mye
Rab31	Early-Mye
Mapkapk2	Early-Mye
Mitf	Early-Mye
Abcd2	Early-Mye
Rnpep	Early-Mye
Apba1	Early-Mye
Mefv	Early-Mye
Sort1	Early-Mye
Atrnl1	Early-Mye
Tmem38b	Early-Mye
Mtus1	Early-Mye
Cd63	Early-Mye
Mapk4	Early-Mye
0610040J01Rik	Early-Mye
Celsr3	Early-Mye
Fut4	Early-Mye
Igsf6	Early-Mye
Sgip1	Early-Mye
Tifab	Early-Mye
NA.1	Early-Mye
Zfp516	Early-Mye
Kcnj2	Early-Mye
Trerf1	Early-Mye
Pgd	Early-Mye
Depdc7	Early-Mye
Scamp5	Early-Mye
Sgms2	Early-Mye
Csf2rb	Early-Mye
Gsr	Early-Mye
Aatk	Early-Mye
Vill	Early-Mye
Ccl9	Early-Mye
App	Early-Mye
Mgl2	Early-Mye
Cebpe	Early-Mye
Clec5a	Early-Mye
Mgst1	Early-Mye
Cebpd	Early-Mye
Plcb1	Early-Mye
Ston2	Early-Mye
Stxbp6	Early-Mye
Mgam	Early-Mye
Trem2	Early-Mye
Hdc	Early-Mye
Hp	Early-Mye
C3	Early-Mye
Dmxl2	Early-Mye
Dgat2	Early-Mye
AI839979	Early-Mye
Pram1	Early-Mye
Mfsd7a	Early-Mye
Rhou	Early-Mye
Mapk13	Early-Mye
Cxcr2	Early-Mye
Glipr1	Late-Mye
Hsd17b4	Late-Mye
Plin3	Late-Mye
Lamtor4	Late-Mye
Pak1	Late-Mye
Gng10	Late-Mye
Soat1	Late-Mye
Chst12	Late-Mye
Lmo4	Late-Mye
Eepd1	Late-Mye
Aldoa	Late-Mye
Slc7a8	Late-Mye
Rgs19	Late-Mye
Lrrc8d	Late-Mye
Atp6v1a	Late-Mye
Ltbr	Late-Mye
Milr1	Late-Mye
Mctp1	Late-Mye
Cask	Late-Mye
Aldh2	Late-Mye
Arhgdib	Late-Mye
Plekhm2	Late-Mye
Fcgr3	Late-Mye
Nat8l	Late-Mye
Dennd5a	Late-Mye
Hiatl1	Late-Mye
Lamp2	Late-Mye
Flot2	Late-Mye
6530402F18Rik	Late-Mye
Cers6	Late-Mye
Itm2b	Late-Mye
Tnfrsf1a	Late-Mye
Adap1	Late-Mye
Ubtd1	Late-Mye
Atp6v1b2	Late-Mye
Bloc1s3	Late-Mye
G6pdx	Late-Mye
Slc31a2	Late-Mye
Id1	Late-Mye
Mboat7	Late-Mye
Tcn2	Late-Mye
Fes	Late-Mye
Mfsd7b	Late-Mye
Itpripl2	Late-Mye
Galc	Late-Mye
Mapk7	Late-Mye
Fam114a1	Late-Mye
Hk2	Late-Mye
Tmem50b	Late-Mye
Preb	Late-Mye
Cpne3	Late-Mye
Neu1	Late-Mye
Cp	Late-Mye
Dhrs1	Late-Mye
Evi2b	Late-Mye
Cd44	Late-Mye
Ier2	Late-Mye
Spi1	Late-Mye
Ebi3	Late-Mye
Vhl	Late-Mye
Dgkg	Late-Mye
Arpc1b	Late-Mye
Ctbs	Late-Mye
Sgpl1	Late-Mye
Hlx	Late-Mye
Fosl2	Late-Mye
Twf2	Late-Mye
Slc6a6	Late-Mye
Acvr1	Late-Mye
Zfp710	Late-Mye
Arid3a	Late-Mye
Adam15	Late-Mye
Ppm1m	Late-Mye
Ccdc88a	Late-Mye
Trf	Late-Mye
Evi2a-evi2b	Late-Mye
2310047M10Rik	Late-Mye
Acp2	Late-Mye
Slc8b1	Late-Mye
E230008N13Rik	Late-Mye
Prdx5	Late-Mye
Man2b1	Late-Mye
Ralb	Late-Mye
Cmtm6	Late-Mye
Klhl18	Late-Mye
Pxn	Late-Mye
Rala	Late-Mye
Atg7	Late-Mye
Arrdc4	Late-Mye
Rnf19b	Late-Mye
Skap2	Late-Mye
Asah1	Late-Mye
5031439G07Rik	Late-Mye
Ostf1	Late-Mye
Itgam	Late-Mye
Rnf144b	Late-Mye
Abr	Late-Mye
Nostrin	Late-Mye
Plekhg3	Late-Mye
1110007C09Rik	Late-Mye
Rp2h	Late-Mye
Alox5ap	Late-Mye
Cd14	Late-Mye
Megf9	Late-Mye
Tlr6	Late-Mye
Myo9b	Late-Mye
Grn	Late-Mye
Pik3r6	Late-Mye
Ncf4	Late-Mye
Map3k15	Late-Mye
Rps6kc1	Late-Mye
Nhsl2	Late-Mye
Degs1	Late-Mye
Mvp	Late-Mye
Prkcd	Late-Mye
Ctnnbip1	Late-Mye
Lipa	Late-Mye
Zfand3	Late-Mye
Fcnb	Late-Mye
Sqrdl	Late-Mye
Myd88	Late-Mye
Ltb4r1	Late-Mye
Csf2rb2	Late-Mye
Cd300lb	Late-Mye
Cst3	Late-Mye
Ncf2	Late-Mye
Csf2ra	Late-Mye
Stard5	Late-Mye
Litaf	Late-Mye
Pstpip2	Late-Mye
Sik1	Late-Mye
Tpd52	Late-Mye
Rnf149	Late-Mye
Slc2a6	Late-Mye
Gm2a	Late-Mye
Nav1	Late-Mye
Msrb1	Late-Mye
Ptafr	Late-Mye
Apoc1	Late-Mye
Ldlr	Late-Mye
Aph1b	Late-Mye
Rgs2	Late-Mye
Fbrsl1	Late-Mye
Nlrp3	Late-Mye
Ccpg1	Late-Mye
Nfam1	Late-Mye
Cyba	Late-Mye
Sirpa	Late-Mye
Tlr2	Late-Mye
Aph1c	Late-Mye
Fam129a	Late-Mye
Fos	Late-Mye
Amz1	Late-Mye
I830077J02Rik	Late-Mye
Sat1	Late-Mye
4632428N05Rik	Late-Mye
Tmem86a	Late-Mye
Eps8	Late-Mye
Cyp4f16	Late-Mye
Lrrc25	Late-Mye
Ppfia4	Late-Mye
Rxra	Late-Mye
Cib2	Late-Mye
Clec4a2	Late-Mye
Rin2	Late-Mye
Lst1	Late-Mye
F5	Late-Mye
Cd68	Late-Mye
Adora3	Late-Mye
Ptplad2	Late-Mye
Dnah2	Late-Mye
Zfp36	Late-Mye
Tmcc1	Late-Mye
Myadm	Late-Mye
Fgfr1	Late-Mye
Cttnbp2nl	Late-Mye
Nod2	Late-Mye
Pfkfb4	Late-Mye
Cbr2	Late-Mye
Tmcc3	Late-Mye
Sirpb1b	Late-Mye
Evi2a	Late-Mye
Nlrp1b	Late-Mye
Pvrl1	Late-Mye
Il18	Late-Mye
Ifi30	Late-Mye
Cyp4f18	Late-Mye
Ier5	Late-Mye
Bcl2a1a	Late-Mye
Fblim1	Late-Mye
Pilrb1	Late-Mye
Lifr	Late-Mye
Ocstamp	Late-Mye
Naaa	Late-Mye
Negr1	Late-Mye
Oas2	Late-Mye
E230029C05Rik	Late-Mye
Bcl6	Late-Mye
Tgfbi	Late-Mye
Plekhg1	Late-Mye
Itga8	Late-Mye
Ms4a7	Late-Mye
Hck	Late-Mye
Cd209d	Late-Mye
Celf4	Late-Mye
Snx21	Late-Mye
Fcgrt	Late-Mye
Aif1	Late-Mye
Slfn2	Late-Mye
Phf11a	Late-Mye
Clec9a	Late-Mye
Tlr11	Late-Mye
Spon1	Late-Mye
Mrc1	Late-Mye
Camk1d	Late-Mye
P2ry12	Late-Mye
Il13ra1	Late-Mye
Snta1	Late-Mye
1600010M07Rik	Late-Mye
Lsp1	Late-Mye
Ckb	Late-Mye
Rtn1	Late-Mye
Lyz1	Late-Mye
Ptchd1	Late-Mye
I830012O16Rik	Late-Mye
Abcg3	Late-Mye
Ccl6	Late-Mye
Ifit3	Late-Mye
6430548M08Rik	Late-Mye
Rnd3	Late-Mye
Adap2	Late-Mye
Lilrb4	Late-Mye
Lgals3	Late-Mye
Sdc3	Late-Mye
Ddr1	Late-Mye
Slamf8	Late-Mye
Lilra6	Late-Mye
Gm5150	Late-Mye
Havcr2	Late-Mye
Rasgrp4	Late-Mye
Pla2g7	Late-Mye
H2-Ab1	Late-Mye
Pira1	Late-Mye
Slc15a3	Late-Mye
Pirb	Late-Mye
Batf3	Late-Mye
Plbd1	Late-Mye
Cfb	Late-Mye
Mafb	Late-Mye
Adam23	Neutrophil
H2-M2	Neutrophil
Cacnb3	Neutrophil
Xcr1	Neutrophil
H2-Q10	Neutrophil
Tmem150c	Neutrophil
Lad1	Neutrophil
Dnase1l3	Neutrophil
Dkk2	Neutrophil
Pla2g2d	Neutrophil
Tmem132c	Neutrophil
Sema4f	Neutrophil
Crispld2	Neutrophil
Zfp366	Neutrophil
Ifnlr1	Neutrophil
Il12b	Neutrophil
Mpzl3	Neutrophil
Mab21l3	Neutrophil
Gm8221	Neutrophil
Slco5a1	Neutrophil
Dhrs9	Neutrophil
Dscam	Neutrophil
Gpm6b	Neutrophil
Rhov	Neutrophil
Gm10872	Neutrophil
Ltf	Neutrophil
Sema6d	Neutrophil
Olfml2b	Neutrophil
S100a9	Neutrophil
Frmd5	Neutrophil
Gm5483	Neutrophil
Ppp1r14a	Neutrophil
Camp	Neutrophil
Prok2	Neutrophil
Ankrd22	Neutrophil
Cygb	Neutrophil
Krt86	Neutrophil
Oprd1	Neutrophil
1100001G20Rik	Neutrophil
Apol7c	Neutrophil
Tmod2	Neutrophil
Il1r2	Neutrophil
Niacr1	Neutrophil
Cd8b1	Neutrophil
Asprv1	Neutrophil
Chil1	Neutrophil
1700047M11Rik	Neutrophil
Mir147	Neutrophil
Ngp	Neutrophil
Fscn1	Neutrophil
Amer2	Neutrophil
Itgb2l	Neutrophil
Bmpr1a	Neutrophil
Hrh2	Neutrophil
Arg2	Neutrophil
Ceacam10	Neutrophil
Scrg1	Neutrophil
Lin28a	Neutrophil
Fpr1	Neutrophil
Stfa2l1	Neutrophil
Steap4	Neutrophil
Lpar3	Neutrophil
Lcn2	Neutrophil
Dscaml1	Neutrophil
AA467197	Neutrophil
5430421N21Rik	Neutrophil
Mmp9	Neutrophil
Retnlg	Neutrophil
Cacng8	Neutrophil
Marco	Neutrophil
Mmp8	Neutrophil
Clec4d	Neutrophil
Cd8a	Neutrophil
1300002K09Rik	Neutrophil
Lrg1	Neutrophil
Ggt1	Neutrophil
Esrrg	Neutrophil
2010002M12Rik	Neutrophil
Scn3a	Neutrophil
Il1f9	Neutrophil
F630111L10Rik	Neutrophil
Actn1	Neutrophil
Dpp10	Neutrophil
Anpep	Neutrophil
B230208H11Rik	Neutrophil
Mreg	Neutrophil
Ccno	Neutrophil
Ubd	Neutrophil
9830107B12Rik	Neutrophil
Sep-05	Neutrophil
Asb2	Neutrophil
2900052N01Rik	Neutrophil
Cdhr3	Neutrophil
Ccdc63	Neutrophil
Slc1a3	Neutrophil
Clec1b	Neutrophil
Spint1	Neutrophil
Trp53inp2	Neutrophil
Ptprm	Neutrophil
Gm17455	Neutrophil
Ppp1r42.1	Neutrophil
Acpp	Neutrophil
Cadm1	Neutrophil
Gp1bb	Neutrophil
Trpm2	Neutrophil
Rdh12	Neutrophil
Slc22a20	Neutrophil
Slfn4	Neutrophil
Leprel1	Neutrophil
Kcnj16	Neutrophil
Igf1	Neutrophil
Kcna2	Neutrophil
Fam149a	Neutrophil
Mmp25	Neutrophil
Itga9	Neutrophil
Spsb1	Neutrophil
Adam22	Neutrophil
Tarm1	Neutrophil
P2ry13	Neutrophil
Nlrp12	Neutrophil
Cd4	Neutrophil
Nt5e	Neutrophil
Ly6g5b	Neutrophil
NA.2	Neutrophil
Ube2e2	Neutrophil
Mertk	Neutrophil
Dgat1	Neutrophil
Il1rn	Neutrophil
Hecw2.1	Neutrophil
Kcnj10	Neutrophil
Pglyrp1	Neutrophil
Stap2	Neutrophil
Fpr2	Neutrophil
Inhba	Neutrophil
Vcam1	Neutrophil
Dlc1	Neutrophil
BC039771	Neutrophil
Ankrd33b	Neutrophil
Timd4	Neutrophil
Gca	Neutrophil
Adam11	Neutrophil
Lphn3	Neutrophil
Cdon	Neutrophil
Dgki	Neutrophil
Fosb	Neutrophil
Gpr4	Neutrophil
Klk1	Neutrophil
Slc2a3	Neutrophil
Adam8	Neutrophil
Abca13	Neutrophil
Fmnl2	Neutrophil
9830166K06Rik	Neutrophil
Irg1	Neutrophil
Snx24	Neutrophil
Ano10	Neutrophil
Mpzl1	Neutrophil
Kitl	Neutrophil
Gcsam	Neutrophil
Trabd2b	Neutrophil
Traf1	Neutrophil
Hs3st2	Neutrophil
Rasal2	Neutrophil
Egr1	Neutrophil
Cd177	Neutrophil
Hap1	Neutrophil
Bcl2l14	Neutrophil
Fndc7	Neutrophil
Mycl	Neutrophil
Pabpc1l	Neutrophil
Slco4c1	Neutrophil
Nudt17	Neutrophil
Slc7a11	Neutrophil
Galnt3	Neutrophil
Crtac1	Neutrophil
Mir7678	Neutrophil
C5ar2	Neutrophil
Wdr86	Neutrophil
Mrgpra2b	Neutrophil
Slc27a4	Neutrophil
Hmox1	Neutrophil
Spats2	Neutrophil
Adpgk	Neutrophil
Dfna5	Neutrophil
Akap2	Neutrophil
Orm1	Neutrophil
Arhgap22	Neutrophil
Akr1b7	Neutrophil
Stab2	Neutrophil
Sash1	Neutrophil
Trem1	Neutrophil
Tnf	Neutrophil
S100a8	Neutrophil
Osgin1	Neutrophil
Ptgis	Neutrophil
Ctnnd2	Neutrophil
Egr2	Neutrophil
2610528A11Rik	Neutrophil
Cd101	Neutrophil
Anxa1	Neutrophil
Pdlim7	Neutrophil
Sfxn5	Neutrophil
Ggt5	Neutrophil
Ffar2	Neutrophil
Nid2	Neutrophil
Plk3	Neutrophil
Tbc1d4	Neutrophil
Notch4	Neutrophil
Zmynd15	Neutrophil
Cd3e	Neutrophil
Cd300lf	Neutrophil
Ppp1r3b	Neutrophil
Gp49a	Neutrophil
Cd33	Neutrophil
Padi4	Neutrophil
Fam89a	Neutrophil
Sep-03	Neutrophil
Ppp1r3d	Neutrophil
Slpi	Neutrophil
Pi16	Neutrophil
Rnd1	Neutrophil
Cd5l	Neutrophil
Syne1	Neutrophil
B430306N03Rik	Neutrophil
Nuak1	Neutrophil
Dnah6	Neutrophil
Pianp	Neutrophil
Osm	Neutrophil
Cd86	Neutrophil
Rufy4	Neutrophil
Kiss1r	Neutrophil
R3hdm4	Neutrophil
Acta2	Neutrophil
Gpr84	Neutrophil
Upp1	Neutrophil
Fcna	Neutrophil
Slco2b1	Neutrophil
Nr1h3	Neutrophil
Itgad	Neutrophil
Lyzl4	Neutrophil
Tmem132b	Neutrophil
Fam101b	Neutrophil
Fmo5	Neutrophil
Cd80	Neutrophil
Pcolce2	Neutrophil
Relb	Neutrophil
Kdm6b	Neutrophil
Trem3	Neutrophil
Ccr1	Neutrophil
St8sia1	Neutrophil
G0s2	Neutrophil
Dbn1	Neutrophil
Gpr114	Neutrophil
Gdf15	Neutrophil
Plce1	Neutrophil
Alox5	Neutrophil
Il18bp	Neutrophil
Il1b	Neutrophil
Bmx	Neutrophil
Siglece	Neutrophil
Gpr162	Neutrophil
Ccnd1	Neutrophil
Bst1	Neutrophil
C1rl	Neutrophil
Prss30	Neutrophil
Rgl1	Neutrophil
Adamdec1	Neutrophil
Rasl11b	Neutrophil
Mcc	Neutrophil
Tnfsf13b	Neutrophil
Glrx	Neutrophil
Arhgap28	Neutrophil
Zbtb42	Neutrophil
Hpgds	Neutrophil
Acvrl1	Neutrophil
Pde4dip	Neutrophil
Gpr126	Neutrophil
Plxnc1	Neutrophil
Ccl22	Neutrophil
Gm21057	Neutrophil
D17H6S53E	Neutrophil
Chka	Neutrophil
Cd300c	Neutrophil
Ccdc148	Neutrophil
Grm8	Neutrophil
Msra	Neutrophil
Dpp4	Neutrophil
Fndc5	Neutrophil
Lrp4.1	Neutrophil
Pdgfa	Neutrophil
Tnfrsf23	Neutrophil
Slc40a1	Neutrophil
Ifitm6	Neutrophil
Myo1h	Neutrophil
Pnkp	Neutrophil
Pygl	Neutrophil
Ccdc126	Neutrophil
Clec4e	Neutrophil
C1qb	Neutrophil
Rnf144a	Neutrophil
A530064D06Rik	Neutrophil
Arap3	Neutrophil
Prkcg	Neutrophil
Vstm4	Neutrophil
Arhgap6	Neutrophil
Tmem38a	Neutrophil
Vasp	Neutrophil
Tnnt1	Neutrophil
Clmp	Neutrophil
Pigz	Neutrophil
Arrb2	Neutrophil
Lyst	Neutrophil
Timp2	Neutrophil
Ets2	Neutrophil
Tcf7l2	Neutrophil
Ptprf	Neutrophil
Vnn3	Neutrophil
Fbxl5	Neutrophil
Tmtc2	Neutrophil
Cep19	Neutrophil
Dhrs7	Neutrophil
C5ar1	Neutrophil
1810033B17Rik	Neutrophil
Rgs1	Neutrophil
C1qa	Neutrophil
Amica1	Neutrophil
Cass4	Neutrophil
Asb7	Neutrophil
Myo10	Neutrophil
St6galnac2	Neutrophil
Ttn	Neutrophil
C2	Neutrophil
Sbf2	Neutrophil
Tenm4	Neutrophil
Ptk2	Neutrophil
Agpat1	Neutrophil
S100a6	Neutrophil
Tspan9	Neutrophil
Rogdi	Neutrophil
Slc6a12	Neutrophil
Avpi1	Neutrophil
Pik3cb	Neutrophil
St8sia6	Neutrophil
Lrrc16b	Neutrophil
Dkk3	Neutrophil
E030024N20Rik	Neutrophil
Frmd4b	Neutrophil
Cnn2	Neutrophil
Cmbl	Neutrophil
Tnfsf8	Neutrophil
Mettl9	Neutrophil
C6	Neutrophil
Dysf	Neutrophil
Ckap4	Neutrophil
C1qc	Neutrophil
Ncf1	Neutrophil
Sh3bp4	Neutrophil
Tnfrsf4	Neutrophil
Plaur	Neutrophil
Ap5b1	Neutrophil
AI467606	Neutrophil
Rab3d	Neutrophil
S100a11	Neutrophil
Cd200r1	Neutrophil
Itprip	Neutrophil
Sun2	Neutrophil
Cdc14a	Neutrophil
Ffar4	Neutrophil
Map3k9	Neutrophil
Ccdc102a	Neutrophil
Lins	Neutrophil
Gsn	Neutrophil
Prr13	Neutrophil
Flot1	Neutrophil
Ppt1	Neutrophil
Slc22a15	Neutrophil
Kbtbd7	Neutrophil
Rims3	Neutrophil
Src	Neutrophil
Por	Neutrophil
Ier3	Neutrophil
Lcp1	Neutrophil
Cxcl9	Neutrophil
Phlda1	Neutrophil
Pilrb2	Neutrophil
Atp11a	Neutrophil
Tbc1d9	Neutrophil
Prkar1b	Neutrophil
Sorl1	Neutrophil
Kcnk6	Neutrophil
Sipa1l2	Neutrophil
Adtrp	Neutrophil
Klra17	Neutrophil
Cadm3	Neutrophil
Nfkbiz	Neutrophil
Ccdc88b	Neutrophil
Khdc3	Neutrophil
Loxl3	Neutrophil
Cfp	Neutrophil
Txnl4b	Neutrophil
Fstl3	Neutrophil
Fas	Neutrophil
Ptges	Neutrophil
Usp35	Neutrophil
Ahr	Neutrophil
Klhl2	Neutrophil
5430435G22Rik	Neutrophil
Mapk3	Neutrophil
Numb	Neutrophil
Cdc42ep2	Neutrophil
Abcc3	Neutrophil
Card10	Neutrophil
Slc16a3	Neutrophil
Csf3r	Neutrophil
Qsox1	Neutrophil
Slc16a9	Neutrophil
Gdpd5	Neutrophil
4930506M07Rik	Neutrophil
Antxr2	Neutrophil
F630206G17Rik	Neutrophil
Fam160a2	Neutrophil
Ndst1	Neutrophil
Rassf3	Neutrophil
Glipr2	Neutrophil
Cxcl16	Neutrophil
Midn	Neutrophil
Cpd	Neutrophil
Basp1	Neutrophil
Vsig10	Neutrophil
Tmem63a	Neutrophil
Pilra	Neutrophil
Gyk	Neutrophil
Armc3	Neutrophil
Tnni2	Neutrophil
Clasp2	Neutrophil
Aacs	Neutrophil
Ipcef1	Neutrophil
Fam63a	Neutrophil
Myo9a	Neutrophil
Hdac4	Neutrophil
Tbc1d8	Neutrophil
Tirap	Neutrophil
Rbm47	Neutrophil
Hspa1a	Neutrophil
Bend4	Neutrophil
Lrrc27	Neutrophil
Aldh3b1	Neutrophil
Rem1	Neutrophil
Actb	Neutrophil
Ahrr	Neutrophil
C330046G13Rik	Neutrophil
Ttll3	Neutrophil
Ptpn3	Neutrophil
4933408B17Rik	Neutrophil
Gpsm3	Neutrophil
Tpcn2	Neutrophil
Gpr137b	Neutrophil
Pmaip1	Neutrophil
Cdk14	Neutrophil
Slc46a3	Neutrophil
Tnfrsf11a	Neutrophil
D330023K18Rik	Neutrophil
Msl1	Neutrophil
Tmem154	Neutrophil
Gpr137b-ps	Neutrophil
Hcls1	Neutrophil
Flnb	Neutrophil
Etv3	Neutrophil
Tesk2	Neutrophil
Spic	Neutrophil
Gpr124	Neutrophil
Creb3l3	Neutrophil
Gpr98	Neutrophil
Lpcat2	Neutrophil
Axl	Neutrophil
Chil3	Neutrophil
Wdfy3	Neutrophil
Gm19705	Neutrophil
Creb3l1	Neutrophil
Ehf	Neutrophil
Fam49a	Neutrophil
Serpinb6a	Neutrophil
Usp12	Neutrophil
Rab11fip1	Neutrophil
Lima1	Neutrophil
Gys1	Neutrophil
Mgst2	Neutrophil
Rhog	Neutrophil
Dock4	Neutrophil
Mthfs	Neutrophil
Pbx2	Neutrophil
Thbs1	Neutrophil
Maf	Neutrophil
Arsg	Neutrophil
Tob1	Neutrophil
Ppfibp2	Neutrophil
Ehd1	Neutrophil
Gm7854	Neutrophil
Jup	Neutrophil
1810011H11Rik	Neutrophil
Mogat2	Neutrophil
Arpc4	Neutrophil
Marcks	Neutrophil
Junb	Neutrophil
Mfsd6	Neutrophil
Pfkfb3	Neutrophil
Bnip3	Neutrophil
Cyp7b1	Neutrophil
Trib1	Neutrophil
Hspa1b	Neutrophil
Ctsl	Neutrophil
Wdr1	Neutrophil
Tkt	Neutrophil
Themis2	Neutrophil
Ntng2	Neutrophil
Fhod1	Neutrophil
Rasip1	Neutrophil
Mocos	Neutrophil
9530068E07Rik	Neutrophil
Cdk5r1	Neutrophil
Nek6	Neutrophil
Tacstd2	Neutrophil
Gpi1	Neutrophil
Cdh1	Neutrophil
Rab27a	Neutrophil
Fn1	Monocyte
Galnt9	Monocyte
Cd209c	Monocyte
Atp6v0d2	Monocyte
Clec4a3	Monocyte
Ear7	Monocyte
Ear6	Monocyte
Epx	Monocyte
Cfh	Monocyte
Prg3	Monocyte
Alox15	Monocyte
Arhgef37	Monocyte
Cd209a	Monocyte
Alox12e	Monocyte
Crybb1	Monocyte
Clec4b1	Monocyte
Ms4a8a	Monocyte
Abca6	Monocyte
Ctsk	Monocyte
Serpina11	Monocyte
Gm5431	Monocyte
Cd300lg	Monocyte
Clec10a	Monocyte
Ms4a6d	Monocyte
Msr1	Monocyte
Ccr2	Monocyte
Vcan	Monocyte
Cx3cr1	Monocyte
E230016K23Rik	Monocyte
C3ar1	Monocyte
Abca9	Monocyte
Kcne3	Monocyte
Ear1	Monocyte
Ccdc109b	Monocyte
Mnda	Monocyte
Prg2	Monocyte
Cysltr1	Monocyte
Wfdc17	Monocyte
Fam187b	Monocyte
LOC100038947	Monocyte
Rilp	Monocyte
Cebpb	Monocyte
Irf8	Monocyte
Apoc2	Monocyte
Serpinb10	Monocyte
Ifi205	Monocyte
Mpeg1	Monocyte
Tppp3	Monocyte
Flt1	Monocyte
Tspan17	Monocyte
Slfn5	Monocyte
Fcgr1	Monocyte
BC028528	Monocyte
Olfm1	Monocyte
Gm9920	Monocyte
AI607873	Monocyte
Ceacam19	Monocyte
Tns4	Monocyte
S100a4	Monocyte
Fcgr2b	Monocyte
Rgag4	Monocyte
Tnfsf13	Monocyte
Arhgef10l	Monocyte
Gm9733	Monocyte
Rspo1	Monocyte
Ms4a6c	Monocyte
Ms4a6b	Monocyte
Tnip3	Monocyte
Atf3	Monocyte
Mx1	Monocyte
Pde7b	Monocyte
Ip6k3	Monocyte
Ehd4	Monocyte
Ptpro	Monocyte
Rwdd2a	Monocyte
Adora2b	Monocyte
Rab36	Monocyte
Inpp5j	Monocyte
Dusp3	Monocyte
Tcea3	Monocyte
Clec7a	Monocyte
Mx2	Monocyte
BC033916	Monocyte
Bmf	Monocyte
Zfyve28	Monocyte
Phf11d	Monocyte
Hpse	Monocyte
Ifi204	Monocyte
F10	Monocyte
Hmga2-ps1	Monocyte
Metrnl	Monocyte
Gm1673	Monocyte
Fam26f	Monocyte
Lsr	Monocyte
Siglec1	Monocyte
Pltp	Monocyte
Arl5c	Monocyte
BC147527	Monocyte
Susd3	Monocyte
Slc9b2	Monocyte
Lyz2	Monocyte
Npc2	Monocyte
Dab2	Monocyte
Atp1a3	Monocyte
Ifi27l2a	Monocyte
Scpep1	Monocyte
Ctsc	Monocyte
Rnase4	Monocyte
Inppl1	Monocyte
Ctss	Monocyte
Plxnd1	Monocyte
Cd302	Monocyte
Rassf4	Monocyte
Lpl	Monocyte
Pkdcc	Monocyte
P2rx7	Monocyte
Gpr141	Monocyte
Irf5	Monocyte
Apobec1	Monocyte
Klra2	Monocyte
Cyp27a1	Monocyte
Bach1	Monocyte
Tep1	Monocyte
Nrp1	Monocyte
Trex1	Monocyte
Vwa5a	Monocyte
Stx3	Monocyte
Vim	Monocyte
Camk1	Monocyte
Nlrp1a	Monocyte
Tmem106a	Monocyte
Fam46a	Monocyte
Dusp6	Monocyte
Ly86	Monocyte
Dusp22	Monocyte
Nrp2	Monocyte
Ugt1a1	Monocyte
Lrp1	Monocyte
Ugt1a5	Monocyte
Ugt1a2	Monocyte
Ugt1a6a	Monocyte
Stbd1	Monocyte
Ifit2	Monocyte
Zcchc24	Monocyte
Clec4a1	Monocyte
Plxna4os1	Monocyte
Klf4	Monocyte
Lamp1	Monocyte
Mthfr	Monocyte
Serpinb8.1	Monocyte
Phf11b	Monocyte
Anxa5	Monocyte
Acer3	Monocyte
Cybb	Monocyte
Bri3	Monocyte
Itfg3	Monocyte
Upb1	Monocyte
Neurl2	Monocyte
Sppl2a	Monocyte
Tmem109	Monocyte
Pid1	Monocyte
Cryba4	Monocyte
Sap30	Monocyte
Lacc1	Monocyte
Ptgir	Monocyte
Sestd1	Monocyte
Slc12a9	Monocyte
Ugt1a6b	Monocyte
Fgd4	Monocyte
Ugt1a10	Monocyte
Ugt1a7c	Monocyte
Ugt1a9	Monocyte
Slamf9	Monocyte
Cav2.1	Monocyte
Pld4	Monocyte
Stard8	Monocyte
Ak8	Monocyte
Ctsa	Monocyte
Psap	Monocyte
Gngt2	Monocyte
Oas1a	Monocyte
Siah2	Monocyte
Cmtm3	Monocyte
Cxcl10	Monocyte
Prkab2	Monocyte
Tbkbp1	Monocyte
Csf1r	Monocyte
Alpk1	Monocyte
P2ry6	Monocyte
Smpdl3a	Monocyte
Zeb2os	Monocyte
Rrbp1	Monocyte
Hpgd	Monocyte
Rnh1	Monocyte
Pisd	Monocyte
Gamt	Monocyte
Cds1	Monocyte
Plod3	Monocyte
Fam20c	Monocyte
Dock1	Monocyte
Tor3a	Monocyte
Pdxk	Monocyte
Pcyox1	Monocyte
Spon2	Early-Ery
Hpn	Early-Ery
Atp1b2	Early-Ery
Nfia	Early-Ery
Gm15915	Early-Ery
Aldh1a7	Early-Ery
Zg16	Early-Ery
Pklr	Early-Ery
Adamts3	Early-Ery
Mthfd1	Early-Ery
Plvap	Early-Ery
Mt2	Early-Ery
NA.3	Early-Ery
Gna14	Early-Ery
Sh2d4a	Early-Ery
Aqp11	Early-Ery
Fam132a	Early-Ery
Prss50	Early-Ery
Car1	Early-Ery
Arhgef25	Early-Ery
4933436C20Rik	Early-Ery
Amigo2	Early-Ery
Mettl8	Early-Ery
Kcng2	Early-Ery
Rab4a	Early-Ery
Reps2	Early-Ery
1190002N15Rik	Early-Ery
Fpgs	Early-Ery
Casp3	Early-Ery
Pik3r2	Early-Ery
Aldh18a1	Early-Ery
Spryd4	Early-Ery
Noa1	Early-Ery
C030006K11Rik	Early-Ery
Pfkm	Early-Ery
Npm1	Early-Ery
Lrrc24	Early-Ery
Smim13	Early-Ery
Mmp14	Early-Ery
Wdr60	Early-Ery
Prdx6	Early-Ery
Atp7b	Early-Ery
Eda	Early-Ery
Stxbp1	Early-Ery
Wdsub1	Early-Ery
Cpt1c	Early-Ery
Dnajc6	Early-Ery
Ppp1r13l	Early-Ery
Gm11837	Early-Ery
Minpp1	Early-Ery
Cad	Early-Ery
Snhg3	Early-Ery
Zfp808	Early-Ery
Sqle	Early-Ery
Acsl5	Early-Ery
Cited4	Early-Ery
Tmem238	Early-Ery
Sgsm3	Early-Ery
Lcat	Early-Ery
Slc35g1	Early-Ery
Gdf3	Early-Ery
Lefty1	Early-Ery
Fbxo10	Early-Ery
Tmem56	Early-Ery
Epdr1	Early-Ery
B3galtl	Early-Ery
Dut	Early-Ery
Sdsl	Early-Ery
Asns	Early-Ery
Gars	Early-Ery
B3galnt2	Early-Ery
Pxmp2	Early-Ery
Slc39a8	Early-Ery
Tfr2	Early-Ery
1700001L05Rik	Early-Ery
Pla2g12a	Early-Ery
Orc2	Early-Ery
Cenpv	Early-Ery
Wdr55	Early-Ery
Prelid2	Early-Ery
Lyrm4	Early-Ery
Bysl	Early-Ery
Mtfp1	Early-Ery
Recql4	Early-Ery
Rpia	Early-Ery
Il1rl1	Early-Ery
Pmm1	Early-Ery
Clstn3	Early-Ery
Ddx39	Early-Ery
Htra2	Early-Ery
Clybl	Early-Ery
Sphk1	Early-Ery
Txnl1	Early-Ery
Gab1	Early-Ery
Cela1	Early-Ery
Selenbp1	Early-Ery
Rcl1	Early-Ery
Snhg4	Early-Ery
Hdgf	Early-Ery
Trim2	Early-Ery
Bloc1s5	Early-Ery
Gpc4	Early-Ery
Vkorc1l1	Early-Ery
Pitrm1	Early-Ery
Klhl23	Early-Ery
Lhfpl2	Early-Ery
Steap3	Early-Ery
Gstm5	Early-Ery
Bag2	Early-Ery
Myo1d	Early-Ery
Get4	Early-Ery
Ppm1g	Early-Ery
4632434I11Rik	Early-Ery
Stard10	Early-Ery
Josd1	Early-Ery
Gdpd1	Early-Ery
Wrn	Early-Ery
Nudt9	Early-Ery
Pcdh7	Early-Ery
Hsph1	Early-Ery
Ftsj1	Early-Ery
Tango2	Early-Ery
Gfi1b	Early-Ery
Dhrs13	Early-Ery
Tfrc	Early-Ery
Xpnpep1	Early-Ery
Cyth3	Early-Ery
Gnb4	Early-Ery
Sep-08	Early-Ery
Scly	Early-Ery
Tmem246	Early-Ery
Prdx3	Early-Ery
Tarsl2	Early-Ery
Mns1	Early-Ery
Slc25a21	Early-Ery
Emc9	Early-Ery
Cd99l2	Early-Ery
Cox6b2	Early-Ery
Psmd5	Early-Ery
Ces2g	Early-Ery
Ttll12	Early-Ery
Fam73b	Early-Ery
Bex4	Early-Ery
Slc11a2	Early-Ery
6030458C11Rik	Early-Ery
Phf10	Early-Ery
Ppp2r1b	Early-Ery
Polq	Early-Ery
Rmdn3	Early-Ery
Zwilch	Early-Ery
Ntn4	Early-Ery
Klf16	Early-Ery
Col5a1	Early-Ery
Reep6	Early-Ery
Ncapg	Early-Ery
Slc25a42	Early-Ery
Bcl2l13	Early-Ery
Hars	Early-Ery
Nadk2	Early-Ery
Net1	Early-Ery
Abhd16a	Early-Ery
Paqr4	Early-Ery
Ammecr1	Early-Ery
Daam1	Early-Ery
Cdc6	Early-Ery
Aplf	Early-Ery
Iqcd	Early-Ery
Abcb4	Early-Ery
Zfp526	Early-Ery
Hk1	Early-Ery
Garem	Early-Ery
D030056L22Rik	Early-Ery
Tbccd1	Early-Ery
Prkar2b	Early-Ery
Mboat2	Early-Ery
Myh10	Early-Ery
Slc25a44	Early-Ery
Ssx2ip	Early-Ery
Ccne1	Early-Ery
Memo1	Early-Ery
Ssbp3	Early-Ery
Smim1	Early-Ery
Gen1	Early-Ery
Casc5	Early-Ery
Larp1b	Early-Ery
Blm	Early-Ery
Chek2	Early-Ery
Asb17os	Early-Ery
Syngr1	Early-Ery
1700086O06Rik	Early-Ery
Atpif1	Early-Ery
Xk	Early-Ery
4930430F08Rik	Early-Ery
Cdc42bpa	Early-Ery
Adcy6	Early-Ery
Slc14a1	Early-Ery
Optn	Early-Ery
Pabpc4	Early-Ery
Gata1	Early-Ery
Mfsd2b	Early-Ery
Paqr9	Early-Ery
Cnnm2	Early-Ery
Nipa1	Early-Ery
Clcn2	Early-Ery
Ifrd2	Early-Ery
Lmna	Early-Ery
Spire1	Early-Ery
Ncapg2	Early-Ery
Slc16a1	Early-Ery
Aldh1a1	Early-Ery
Klhl12	Early-Ery
Nmnat3	Early-Ery
Sppl2b	Early-Ery
Slc38a5	Early-Ery
Rrm2	Early-Ery
M1ap	Early-Ery
Epor	Early-Ery
Metap2	Early-Ery
Cul4a	Early-Ery
Scrn3	Early-Ery
Gp5	Early-Ery
Samd14	Early-Ery
Abcg4	Early-Ery
Endod1	Early-Ery
Gclm	Early-Ery
Stx2	Early-Ery
Car2	Early-Ery
Sec14l2	Early-Ery
Fgfrl1	Early-Ery
Hebp1	Early-Ery
Txnrd2	Early-Ery
8430419L09Rik	Early-Ery
Arl4a	Early-Ery
Alad	Early-Ery
Ermap	Early-Ery
Fam109b	Early-Ery
Add2	Early-Ery
Klf1	Early-Ery
Mylpf	Early-Ery
Dyrk3	Early-Ery
Blvrb	Early-Ery
Aqp1	Early-Ery
Tspan8	Early-Ery
Cep76	Early-Ery
Ufsp1	Early-Ery
Cldn13	Early-Ery
Tlcd1	Early-Ery
Cachd1	Early-Ery
Mtfr1	Early-Ery
Tal1	Early-Ery
Rhag	Early-Ery
Abcb6	Early-Ery
Nxpe2	Early-Ery
Mylk3	Early-Ery
Gpsm2	Early-Ery
Phyhip	Early-Ery
Tom1l1	Early-Ery
Ptdss2	Early-Ery
Ctse	Early-Ery
Kel	Early-Ery
Tspan33	Early-Ery
Sh3tc2	Early-Ery
Cpox	Early-Ery
Ninl	Early-Ery
Tmem120b	Early-Ery
Gm9895	Early-Ery
Icam4	Early-Ery
Ubac1	Early-Ery
Slc43a1	Early-Ery
Ank1	Early-Ery
Tspo2	Early-Ery
Spta1	Early-Ery
Mar-08	Early-Ery
Hmbs	Early-Ery
Rhd	Early-Ery
Abcb10	Early-Ery
Sptb	Early-Ery
Ache	Early-Ery
Cdr2	Early-Ery
Btnl10	Early-Ery
Mgst3	Early-Ery
1300017J02Rik	Early-Ery
Hemgn	Early-Ery
Vangl1	Early-Ery
Dmtn	Early-Ery
Aplp2	Late-Ery
Ranbp17	Late-Ery
Mpv17l2	Late-Ery
Mir3471-1	Late-Ery
Rfc4	Late-Ery
Fads3	Late-Ery
Pdhx	Late-Ery
Mcm10	Late-Ery
Nup85	Late-Ery
Hspa14	Late-Ery
Sod2	Late-Ery
Srsf2	Late-Ery
Rabggtb	Late-Ery
Sod1	Late-Ery
Ddx19a	Late-Ery
Nfix	Late-Ery
Scoc	Late-Ery
Dnaaf2	Late-Ery
Rabgef1	Late-Ery
Uqcrfs1	Late-Ery
Snrnp40	Late-Ery
Mars	Late-Ery
Wrap73	Late-Ery
Btaf1	Late-Ery
Dnajc11	Late-Ery
Clpx	Late-Ery
Hsdl2	Late-Ery
Gcdh	Late-Ery
Txn2	Late-Ery
E230016M11Rik	Late-Ery
Sfmbt1	Late-Ery
Zfp207	Late-Ery
Necap2	Late-Ery
Tmem208	Late-Ery
Taf12	Late-Ery
Ahctf1	Late-Ery
Tlk1	Late-Ery
Timm8b	Late-Ery
6430706D22Rik	Late-Ery
Ptgr2	Late-Ery
Gtf2f1	Late-Ery
Tor1aip2	Late-Ery
Lrrc47	Late-Ery
Ndufb10	Late-Ery
Mtbp	Late-Ery
Armc9	Late-Ery
Mms22l	Late-Ery
Rpa2	Late-Ery
Gale	Late-Ery
Dis3l	Late-Ery
Nsmce4a	Late-Ery
Wdr78	Late-Ery
Zranb3	Late-Ery
Nudt19	Late-Ery
Vdac3	Late-Ery
4930422G04Rik	Late-Ery
Helq	Late-Ery
1600002H07Rik	Late-Ery
Psmc2	Late-Ery
Dhfr	Late-Ery
Med7	Late-Ery
Dtwd1	Late-Ery
Cdt1	Late-Ery
Cep57l1	Late-Ery
Rprd1b	Late-Ery
Phactr4	Late-Ery
Xrcc3	Late-Ery
Hbs1l	Late-Ery
Slc38a9	Late-Ery
Oaf	Late-Ery
Lrrc20	Late-Ery
Tubgcp3	Late-Ery
Fxn	Late-Ery
Slc29a1	Late-Ery
Fancm	Late-Ery
Mrpl14	Late-Ery
Psmd10	Late-Ery
Rab10os	Late-Ery
Zcchc8	Late-Ery
Gm10516	Late-Ery
Dlst	Late-Ery
Jmy	Late-Ery
Cdk5rap1	Late-Ery
Dars2	Late-Ery
Smpd4	Late-Ery
Pak1ip1	Late-Ery
Thap1	Late-Ery
Capn10	Late-Ery
Cenpi	Late-Ery
Ccdc6	Late-Ery
Dhx16	Late-Ery
Alkbh5	Late-Ery
Rnaseh2b	Late-Ery
Prr24	Late-Ery
Mum1	Late-Ery
Ciao1	Late-Ery
St7	Late-Ery
Eif4enif1	Late-Ery
Suds3	Late-Ery
Asf1a	Late-Ery
Ogfod2	Late-Ery
Mcm7	Late-Ery
Wdr53	Late-Ery
Cdc34	Late-Ery
Nanp	Late-Ery
Wdr90	Late-Ery
Gde1	Late-Ery
Ercc6l	Late-Ery
Fam96b	Late-Ery
Hjurp	Late-Ery
Ccnk	Late-Ery
Eme1	Late-Ery
Phf3	Late-Ery
Fxr2	Late-Ery
Ap1b1	Late-Ery
Caskin2	Late-Ery
Pgm2l1	Late-Ery
Zfp410	Late-Ery
Pole2	Late-Ery
Mcm2	Late-Ery
Map2k2	Late-Ery
Zfp672	Late-Ery
Prim2	Late-Ery
Ergic2	Late-Ery
Dtymk	Late-Ery
Atad5	Late-Ery
Dgcr8	Late-Ery
Nap1l4	Late-Ery
1300002E11Rik	Late-Ery
Dnd1	Late-Ery
Erc1	Late-Ery
Npat	Late-Ery
Pip4k2c	Late-Ery
Tial1	Late-Ery
Brms1l	Late-Ery
Larp7	Late-Ery
Tusc2	Late-Ery
Fancc	Late-Ery
Ssna1	Late-Ery
1700123O20Rik	Late-Ery
Ccl25	Late-Ery
Thoc7	Late-Ery
Luc7l3	Late-Ery
Ccne2	Late-Ery
Ppp1r15b	Late-Ery
Mgat4b	Late-Ery
Usp19	Late-Ery
Rnf168	Late-Ery
NA.4	Late-Ery
C330006A16Rik	Late-Ery
Nrip1	Late-Ery
Ormdl2	Late-Ery
Taf5l	Late-Ery
Maz	Late-Ery
Keap1	Late-Ery
Dmwd	Late-Ery
Cbr1	Late-Ery
Fignl1	Late-Ery
Tti1	Late-Ery
Ccdc32	Late-Ery
Tnpo2	Late-Ery
Poldip3	Late-Ery
Lnp	Late-Ery
Pdap1	Late-Ery
Naa16	Late-Ery
Cnppd1	Late-Ery
Traf3ip1	Late-Ery
Tubgcp6	Late-Ery
Slc25a10	Late-Ery
Tonsl	Late-Ery
Ubxn2a	Late-Ery
5830418K08Rik	Late-Ery
Edf1	Late-Ery
Atf1	Late-Ery
Mad1l1	Late-Ery
Asun	Late-Ery
Sbds	Late-Ery
Klhdc2	Late-Ery
Mrps11	Late-Ery
Hyal3	Late-Ery
Orc6	Late-Ery
2310067B10Rik	Late-Ery
Pgrmc2	Late-Ery
Rfk	Late-Ery
Bud31	Late-Ery
Mbd2	Late-Ery
Rab35	Late-Ery
Rcor3	Late-Ery
Ndufv1	Late-Ery
Dxo	Late-Ery
Cep128	Late-Ery
Nenf	Late-Ery
0610009O20Rik	Late-Ery
Cisd2	Late-Ery
Armc1	Late-Ery
Pank2	Late-Ery
Spata2	Late-Ery
Dcaf8	Late-Ery
Elf2	Late-Ery
Ppp2r2d	Late-Ery
Psmd4	Late-Ery
Atad2	Late-Ery
Nat6	Late-Ery
Aqp9	Late-Ery
Fgd6	Late-Ery
Mrpl49	Late-Ery
Ndufb9	Late-Ery
Clhc1	Late-Ery
Rnf187	Late-Ery
Hirip3	Late-Ery
Cyb5d2	Late-Ery
Nxt1	Late-Ery
Camta1	Late-Ery
2700050L05Rik	Late-Ery
BC052040	Late-Ery
Dnajc8	Late-Ery
Ciapin1	Late-Ery
Rnf8	Late-Ery
Taf1	Late-Ery
Wbp11	Late-Ery
Rad54l	Late-Ery
Fsd1l.1	Late-Ery
Ranbp3	Late-Ery
Nup35	Late-Ery
Tnfaip2	Late-Ery
Tmem80	Late-Ery
Tmem33	Late-Ery
Ipp	Late-Ery
Tbcd	Late-Ery
Tubd1	Late-Ery
Brca2	Late-Ery
Rffl	Late-Ery
Psip1	Late-Ery
Haus5	Late-Ery
Atp5d	Late-Ery
Gins4	Late-Ery
Cnst	Late-Ery
Rnaseh2a	Late-Ery
Paxbp1	Late-Ery
Mrp63	Late-Ery
Tmem183a	Late-Ery
Snx3	Late-Ery
Slmo2	Late-Ery
Blvra	Late-Ery
Vps25	Late-Ery
Clptm1	Late-Ery
Palb2	Late-Ery
Cox17	Late-Ery
Pold3	Late-Ery
U2af1l4	Late-Ery
Brf1	Late-Ery
Zcrb1	Late-Ery
Fancl	Late-Ery
Nfya	Late-Ery
Fam78a	Late-Ery
Sun1	Late-Ery
Celf1	Late-Ery
Psmd9	Late-Ery
Bc1	Late-Ery
Cox6a1	Late-Ery
Rpa1	Late-Ery
Slc7a1	Late-Ery
Ppm1l	Late-Ery
Fancd2	Late-Ery
Cercam	Late-Ery
Afg3l2	Late-Ery
Atxn2	Late-Ery
Map2k3os	Late-Ery
1200014J11Rik	Late-Ery
Arl6ip6	Late-Ery
Fbxo8	Late-Ery
Ska3	Late-Ery
Ndufaf3	Late-Ery
Anapc5	Late-Ery
Pask	Late-Ery
Ralbp1	Late-Ery
Kctd6	Late-Ery
Dido1	Late-Ery
Ttc9c	Late-Ery
Rbl1	Late-Ery
Cdc27	Late-Ery
D8Ertd738e	Late-Ery
Gsk3a	Late-Ery
Ubr4	Late-Ery
Tmem107	Late-Ery
Anapc16	Late-Ery
Ell2	Late-Ery
Ddx24	Late-Ery
Nploc4	Late-Ery
Cep104	Late-Ery
Gpr19	Late-Ery
Oxsr1	Late-Ery
Snrpe	Late-Ery
Cep152	Late-Ery
Nup133	Late-Ery
Kdm5c	Late-Ery
Acyp2	Late-Ery
Slx4	Late-Ery
Cdc123	Late-Ery
Scnm1	Late-Ery
Atp5s	Late-Ery
Upf1	Late-Ery
Luc7l	Late-Ery
Ptprn2	Late-Ery
Cactin	Late-Ery
Tab1	Late-Ery
Slc35d1	Late-Ery
Samd1	Late-Ery
Tab3	Late-Ery
Bahd1	Late-Ery
Bcas2	Late-Ery
Dnajb11	Late-Ery
Ctbp1	Late-Ery
Camsap1	Late-Ery
Amfr	Late-Ery
Zfp367	Late-Ery
Cdc45	Late-Ery
Neu3	Late-Ery
Zfp39	Late-Ery
BC030867	Late-Ery
Them6	Late-Ery
Wdhd1	Late-Ery
Brd4	Late-Ery
Hexim2	Late-Ery
Ndrg2	Late-Ery
Fam50a	Late-Ery
Nmt1	Late-Ery
Rnf14	Late-Ery
Eid1	Late-Ery
Pcnt	Late-Ery
Camsap2	Late-Ery
Dnmt1	Late-Ery
Ddx59	Late-Ery
Gmnn	Late-Ery
Ppp1r37	Late-Ery
Serinc5	Late-Ery
Zmynd8	Late-Ery
Snrnp35	Late-Ery
Wapal	Late-Ery
Fanci	Late-Ery
Chaf1a	Late-Ery
Dctn3	Late-Ery
Nup50	Late-Ery
Cenpu	Late-Ery
Siah1a	Late-Ery
Acin1	Late-Ery
Bard1	Late-Ery
Traf4	Late-Ery
Rbm4	Late-Ery
Tfcp2	Late-Ery
Sde2	Late-Ery
Cramp1l	Late-Ery
Zw10	Late-Ery
Dda1	Late-Ery
Opa3	Late-Ery
1110006O24Rik	Late-Ery
Pbrm1	Late-Ery
Wrap53	Late-Ery
Pycr2	Late-Ery
Tmpo	Late-Ery
4930503L19Rik	Late-Ery
Zfp628	Late-Ery
Ndufb7	Late-Ery
Glo1	Late-Ery
Srrm1	Late-Ery
Ticrr	Late-Ery
Epn1	Late-Ery
Pef1	Late-Ery
2700099C18Rik	Late-Ery
Nek1	Late-Ery
Cenpp	Late-Ery
Lin9	Late-Ery
Donson	Late-Ery
Taf5	Late-Ery
Usp46	Late-Ery
Hnrnpul2	Late-Ery
Prkag1	Late-Ery
Tinf2	Late-Ery
Usp21	Late-Ery
Ubn1	Late-Ery
Ppp3cb	Late-Ery
Ccs	Late-Ery
Tceb2	Late-Ery
Tm9sf1	Late-Ery
Tmem57	Late-Ery
Myef2	Late-Ery
Smim5	Late-Ery
Pon2	Late-Ery
Spen	Late-Ery
Kif24	Late-Ery
Nrf1	Late-Ery
Safb	Late-Ery
Ttf2	Late-Ery
Srbd1	Late-Ery
Pacsin2	Late-Ery
Dot1l	Late-Ery
Gnas	Late-Ery
Fam134a	Late-Ery
Zbtb5	Late-Ery
Mier1	Late-Ery
Anp32b	Late-Ery
Gm6548	Late-Ery
Taok2	Late-Ery
Fam20b	Late-Ery
Prkab1	Late-Ery
Fam193a	Late-Ery
Gigyf2	Late-Ery
BC017158	Late-Ery
Mff	Late-Ery
Nup210	Late-Ery
Pcyt1a	Late-Ery
Taf7	Late-Ery
Usp15	Late-Ery
Zscan21	Late-Ery
Med8	Late-Ery
Scaf11	Late-Ery
Arglu1	Late-Ery
Baz1b	Late-Ery
Pgp	Late-Ery
Bloc1s4	Late-Ery
Fen1	Late-Ery
Nsl1	Late-Ery
Brap	Late-Ery
Alg9	Late-Ery
Hist2h2be	Late-Ery
Pcna	Late-Ery
Mrps36	Late-Ery
Prpf18	Late-Ery
Trappc1	Late-Ery
Dnajc16	Late-Ery
Cpt1b	Late-Ery
Usp45	Late-Ery
A730008H23Rik	Late-Ery
Cenpn	Late-Ery
Tubg1	Late-Ery
Eaf1	Late-Ery
H2afj	Late-Ery
Gabpb2	Late-Ery
Rnf38	Late-Ery
Sav1	Late-Ery
Srsf4	Late-Ery
Rngtt	Late-Ery
Tubb5	Late-Ery
Ppm1b	Late-Ery
Sfxn4	Late-Ery
Extl3	Late-Ery
Tceb3	Late-Ery
Vezt	Late-Ery
Picalm	Late-Ery
Tcea1	Late-Ery
Taf8	Late-Ery
Fbxw2	Late-Ery
Clic4	Late-Ery
Klhl17	Late-Ery
Asap1	Late-Ery
Carm1	Late-Ery
Chtf18	Late-Ery
Hcfc1	Late-Ery
Cars	Late-Ery
Gins3	Late-Ery
Atg2a	Late-Ery
Luc7l2	Late-Ery
Pnpla6	Late-Ery
Rfwd3	Late-Ery
Fdxacb1	Late-Ery
Pum1	Late-Ery
Ppp1r16a	Late-Ery
Pole3	Late-Ery
Tmem129	Late-Ery
Rbm10	Late-Ery
Fam126a	Late-Ery
Lrig1	Late-Ery
Gm3258	Late-Ery
Rgs12	Late-Ery
Cyth2	Late-Ery
Smg5	Late-Ery
Akirin2	Late-Ery
Mybl2	Late-Ery
Traip	Late-Ery
Smc1a	Late-Ery
4930579G24Rik	Late-Ery
Dtnb	Late-Ery
Cdk16	Late-Ery
Ccni	Late-Ery
Tyms-ps	Late-Ery
Eef1d	Late-Ery
Tmem194	Late-Ery
Ap2s1	Late-Ery
Rad51ap1	Late-Ery
Tssc1	Late-Ery
Wdtc1	Late-Ery
Ccdc23	Late-Ery
Aup1	Late-Ery
Ggnbp2	Late-Ery
C230052I12Rik	Late-Ery
Pms2	Late-Ery
C330018D20Rik	Late-Ery
Cdan1	Late-Ery
Ppp1r35	Late-Ery
Kntc1	Late-Ery
Fcho1	Late-Ery
Slc20a1.1	Late-Ery
Hnrnpul1	Late-Ery
Helb	Late-Ery
Zfp689	Late-Ery
Mavs	Late-Ery
Dhx8	Late-Ery
Mier3	Late-Ery
Rab10	Late-Ery
Fam104a	Late-Ery
Agfg1	Late-Ery
Ppip5k1	Late-Ery
Gse1	Late-Ery
Lin54	Late-Ery
Pkmyt1	Late-Ery
Lmo2	Late-Ery
Ppfia2	Late-Ery
Mical3	Late-Ery
Usp4	Late-Ery
Tctn1	Late-Ery
Rrm1	Late-Ery
Gan	Late-Ery
Cep95	Late-Ery
Faf1	Late-Ery
Cyb5r3	Late-Ery
Atg14	Late-Ery
Atf7ip	Late-Ery
Cd47	Late-Ery
Cep57	Late-Ery
Mastl	Late-Ery
2700029M09Rik	Late-Ery
Zfp341	Late-Ery
Uevld	Late-Ery
Wdr62	Late-Ery
Mdc1	Late-Ery
Comt	Late-Ery
Fbxl15	Late-Ery
Prox2	Late-Ery
Mkln1os	Late-Ery
Fth1	Late-Ery
Efcab5	Late-Ery
Setd8	Late-Ery
Pck2	Late-Ery
Poc1a	Late-Ery
Taf4a	Late-Ery
Senp2	Late-Ery
Kin	Late-Ery
Arhgap21	Late-Ery
Lrr1	Late-Ery
Eif1	Late-Ery
Cdc42ep4	Late-Ery
F420014N23Rik	Late-Ery
Dclre1b	Late-Ery
Cenpa	Late-Ery
Eif2ak2	Late-Ery
Kctd9	Late-Ery
C330027C09Rik	Late-Ery
Paxip1	Late-Ery
Zdhhc5	Late-Ery
Rnf139	Late-Ery
Hist1h4d	Late-Ery
Zdhhc24	Late-Ery
Tbc1d12	Late-Ery
Brca1	Late-Ery
Fam122a	Late-Ery
Ppp6r3	Late-Ery
Dopey2	Late-Ery
Cenpt	Late-Ery
Zfp414	Late-Ery
Dnajb12	Late-Ery
Pxmp4	Late-Ery
Rbbp4	Late-Ery
D330041H03Rik	Late-Ery
Tceal8	Late-Ery
Lig1	Late-Ery
Cntrob	Late-Ery
2810013P06Rik	Late-Ery
Pkig	Late-Ery
Mir8097	Late-Ery
Ensa	Late-Ery
Pcmt1	Late-Ery
Sh3bp5l	Late-Ery
Mcph1	Late-Ery
Papd7	Late-Ery
Ap2a1	Late-Ery
Sfrs18	Late-Ery
Cmpk2	Late-Ery
Clspn	Late-Ery
Sycp3	Late-Ery
Clp1	Late-Ery
Gmeb1	Late-Ery
Rmnd5a	Late-Ery
Arfgap3	Late-Ery
Adar	Late-Ery
Cdyl	Late-Ery
Oip5	Late-Ery
Lmf2	Late-Ery
Plagl2	Late-Ery
2610020C07Rik	Late-Ery
Oas1c	Late-Ery
Pafah1b1	Late-Ery
Pml	Late-Ery
1110032A03Rik	Late-Ery
Bbs1	Late-Ery
Oard1	Late-Ery
Spc24	Late-Ery
Cep164	Late-Ery
Pmm2	Late-Ery
Ap4b1	Late-Ery
Maf1	Late-Ery
Gmeb2	Late-Ery
Nek8	Late-Ery
Pdzd11	Late-Ery
Cdca5	Late-Ery
Becn1	Late-Ery
Cep72	Late-Ery
Zfp91	Late-Ery
Tusc3	Late-Ery
Ctcf	Late-Ery
Ccrn4l	Late-Ery
Cdca4	Late-Ery
Irs2	Late-Ery
Dyrk1a	Late-Ery
Zfp91Cntf	Late-Ery
Tmem9	Late-Ery
Supt4a	Late-Ery
Knstrn	Late-Ery
Lpin2	Late-Ery
Tyms	Late-Ery
Crip2	Late-Ery
Ribc1	Late-Ery
Tnk2	Late-Ery
Gtpbp1	Late-Ery
Rab5c	Late-Ery
Kdm4a	Late-Ery
Tmem14c	Late-Ery
Nfyb	Late-Ery
Top1	Late-Ery
Ppp2r4	Late-Ery
Ccdc71l	Late-Ery
Auh	Late-Ery
Pnp	Late-Ery
Ampd3	Late-Ery
Fam134c	Late-Ery
Atg4b	Late-Ery
Tollip	Late-Ery
Herc2	Late-Ery
Tmem138	Late-Ery
Hist1h4i	Late-Ery
Ccnl2	Late-Ery
E2f1	Late-Ery
Tpm1	Late-Ery
Bub3	Late-Ery
2810417H13Rik	Late-Ery
Lmnb1	Late-Ery
Azin1	Late-Ery
Dhrsx	Late-Ery
Mark3	Late-Ery
Hmg20b	Late-Ery
Psme3	Late-Ery
Gm10785	Late-Ery
Nhej1	Late-Ery
Aars	Late-Ery
Chmp2a	Late-Ery
Cmip	Late-Ery
Agfg2	Late-Ery
Slc7a5	Late-Ery
Mcoln1	Late-Ery
Kif15	Late-Ery
Susd2	Late-Ery
Dand5	Late-Ery
Cchcr1	Late-Ery
Sass6	Late-Ery
Sorbs1	Late-Ery
Mpg	Late-Ery
Abhd4	Late-Ery
Hexim1	Late-Ery
Mthfd2	Late-Ery
Sh3glb1	Late-Ery
Pmf1	Late-Ery
Wdr91	Late-Ery
Mir7654	Late-Ery
Mrpl53	Late-Ery
Reep4	Late-Ery
Cabin1	Late-Ery
Ogdh	Late-Ery
Wbp1	Late-Ery
Trmt12	Late-Ery
Tbk1	Late-Ery
Trappc10	Late-Ery
Pi4k2b	Late-Ery
Ankrd54	Late-Ery
Ncoa7	Late-Ery
Mapk8ip3	Late-Ery
Ccdc77	Late-Ery
Vamp8	Late-Ery
Rhno1	Late-Ery
Fig4	Late-Ery
Usp49	Late-Ery
Mtcp1	Late-Ery
Tpcn1	Late-Ery
Bub1b	Late-Ery
A430005L14Rik	Late-Ery
Dnajb1	Late-Ery
Mvb12b	Late-Ery
Zbtb7a	Late-Ery
Rnf5	Late-Ery
Rpain	Late-Ery
Pcif1	Late-Ery
Abcg2	Late-Ery
Acap3	Late-Ery
Polh	Late-Ery
Bcl2l15.1	Late-Ery
Fdps	Late-Ery
Usf2	Late-Ery
Bola3	Late-Ery
E2f4	Late-Ery
Stk11	Late-Ery
Nrd1	Late-Ery
Actn4	Late-Ery
Kif2a	Late-Ery
4932416H05Rik	Late-Ery
Psrc1	Late-Ery
Dbf4	Late-Ery
Zfand2b	Late-Ery
Syf2	Late-Ery
Cox11	Late-Ery
Ikzf5	Late-Ery
Mzt1	Late-Ery
Reep5	Late-Ery
D17Wsu92e	Late-Ery
Ncaph2	Late-Ery
Igtp	Late-Ery
Fntb	Late-Ery
Bicd2	Late-Ery
Hist1h4f	Late-Ery
Calm3	Late-Ery
Gapvd1	Late-Ery
3110002H16Rik	Late-Ery
Slc16a6	Late-Ery
Wnk1	Late-Ery
Kif20a	Late-Ery
Tubb4b	Late-Ery
Tmem231	Late-Ery
Orc1	Late-Ery
Stag3	Late-Ery
Sec62	Late-Ery
Svip	Late-Ery
Slc15a2.1	Late-Ery
Asb6	Late-Ery
Nbr1	Late-Ery
E2f8	Late-Ery
2810442I21Rik	Late-Ery
Setd3	Late-Ery
Htatip2	Late-Ery
Map1lc3b	Late-Ery
Rangap1	Late-Ery
Fgfr1op2	Late-Ery
Plcl2	Late-Ery
Cmc2	Late-Ery
4931406P16Rik	Late-Ery
Nanos1	Late-Ery
Chst10	Late-Ery
Arel1	Late-Ery
Banp	Late-Ery
Rb1	Late-Ery
Sik2	Late-Ery
BC021614	Late-Ery
Ost4	Late-Ery
Hk1os	Late-Ery
Usp25	Late-Ery
Cdc20	Late-Ery
Hist1h1b	Late-Ery
Ckap5	Late-Ery
Pet100	Late-Ery
1700037H04Rik	Late-Ery
Cdk5rap2	Late-Ery
Raly	Late-Ery
Ube2t	Late-Ery
Lbr	Late-Ery
Dok1	Late-Ery
Hn1	Late-Ery
Tusc1	Late-Ery
Nelfcd	Late-Ery
Atf4	Late-Ery
Arhgap19	Late-Ery
Isca2	Late-Ery
Cep85	Late-Ery
Zc3hav1	Late-Ery
Tpd52l1	Late-Ery
Ccp110	Late-Ery
H2afz	Late-Ery
Pithd1	Late-Ery
Apex2	Late-Ery
Ank	Late-Ery
Rnf145	Late-Ery
Diap3	Late-Ery
Tprgl	Late-Ery
Fnip2	Late-Ery
Cenpm	Late-Ery
Apeh	Late-Ery
Ghitm	Late-Ery
Fbxo5	Late-Ery
Smdt1	Late-Ery
Aug-02	Late-Ery
Dnajb4	Late-Ery
1810037I17Rik	Late-Ery
Cat	Late-Ery
Pink1	Late-Ery
Hspb6	Late-Ery
Slc16a10	Late-Ery
Cenpc1	Late-Ery
Usp7	Late-Ery
Gm12992	Late-Ery
Ttc39a	Late-Ery
Ctnna3	Late-Ery
Pfkfb1	Late-Ery
Efcab11	Late-Ery
Ftl1	Late-Ery
Gps2	Late-Ery
Whsc1	Late-Ery
Cep135	Late-Ery
Cgrrf1	Late-Ery
Chmp3	Late-Ery
Fam76a	Late-Ery
Atp6v1d	Late-Ery
Unkl	Late-Ery
Dnttip1	Late-Ery
Nek2	Late-Ery
Dcaf6	Late-Ery
Serinc1	Late-Ery
Ddit3	Late-Ery
Rab11b	Late-Ery
Napa	Late-Ery
Riok3	Late-Ery
Hist1h2bb	Late-Ery
Gid8	Late-Ery
Stil	Late-Ery
Tubb2a	Late-Ery
4930549G23Rik	Late-Ery
Acsl1	Late-Ery
Ibtk	Late-Ery
Pkn2	Late-Ery
5730508B09Rik	Late-Ery
Golph3l	Late-Ery
Espl1	Late-Ery
1700020I14Rik	Late-Ery
Rad21	Late-Ery
Herc6	Late-Ery
Cast	Late-Ery
Mar-05	Late-Ery
Foxo3	Late-Ery
Dck	Late-Ery
Arhgap33	Late-Ery
Odf2	Late-Ery
9130221H12Rik	Late-Ery
Kcnn4	Late-Ery
Mast2	Late-Ery
Fbxo7	Late-Ery
Zcchc6	Late-Ery
Fdft1	Late-Ery
Snrnp25	Late-Ery
Ubp1	Late-Ery
Wipi2	Late-Ery
2310036O22Rik	Late-Ery
Klhl7	Late-Ery
Slc25a24	Late-Ery
Gclc	Late-Ery
Phlpp2	Late-Ery
Miip	Late-Ery
Pqlc1	Late-Ery
Slc3a2	Late-Ery
Pttg1	Late-Ery
Hs6st1	Late-Ery
Nt5c3	Late-Ery
St3gal1	Late-Ery
Mesdc1	Late-Ery
Ska1	Late-Ery
C1qtnf4	Late-Ery
Hist1h1d	Late-Ery
Fis1	Late-Ery
Slc22a23	Late-Ery
Zdhhc14	Late-Ery
Glul	Late-Ery
Slc48a1	Late-Ery
Serinc3	Late-Ery
Spdl1	Late-Ery
Fbxo42	Late-Ery
Mob2	Late-Ery
Klf11	Late-Ery
Melk	Late-Ery
Ccndbp1	Late-Ery
Hist1h2be	Late-Ery
Slc43a3	Late-Ery
Ulk1	Late-Ery
Tspo	Late-Ery
Psmf1	Late-Ery
Iba57.1	Late-Ery
Hras	Late-Ery
Wipi1	Late-Ery
Esco2	Late-Ery
Ccsap	Late-Ery
Anln	Late-Ery
Rnasel	Late-Ery
Fbxo30	Late-Ery
Wdr81	Late-Ery
Clcn3	Late-Ery
Tpra1	Late-Ery
Cdc42ep3	Late-Ery
Mocs1	Late-Ery
Slc24a5	Late-Ery
Ubc	Late-Ery
Nme3	Late-Ery
Sp2	Late-Ery
Mpc2	Late-Ery
Pip5k1b	Late-Ery
Ormdl3	Late-Ery
Slc30a1	Late-Ery
Med12	Late-Ery
Odc1	Late-Ery
Adipor1	Late-Ery
Sntg1	Late-Ery
Hist4h4	Late-Ery
Ccdc34	Late-Ery
Tuba4a	Late-Ery
Sgol1	Late-Ery
Rnf26	Late-Ery
Herc1	Late-Ery
Arrdc2	Late-Ery
Ap2a2	Late-Ery
Wwp2	Late-Ery
Tmc6	Late-Ery
Nprl3	Late-Ery
Ncapd3	Late-Ery
Gsg2	Late-Ery
Gpr155	Late-Ery
Mafg	Late-Ery
Atg9a	Late-Ery
Tmem134	Late-Ery
Stxbp4	Late-Ery
Irf9	Late-Ery
Cdca2	Late-Ery
Ccna2	Late-Ery
Aoc2	Late-Ery
Wbp2	Late-Ery
Ip6k1	Late-Ery
2310010J17Rik	Late-Ery
Zfand6	Late-Ery
Add1	Late-Ery
Fbxo9	Late-Ery
Aldh3b2	Late-Ery
Parpbp	Late-Ery
Acp1	Late-Ery
Ube2b	Late-Ery
Hist1h2ab	Late-Ery
Pcgf1	Late-Ery
Ncaph	Late-Ery
Cd59a	Late-Ery
Med9os	Late-Ery
Ckap2	Late-Ery
Hmg20a	Late-Ery
Creg1	Late-Ery
Top2a	Late-Ery
Atl1	Late-Ery
Tmc8	Late-Ery
Fam212a	Late-Ery
Incenp	Late-Ery
Sp3os	Late-Ery
Suco	Late-Ery
Kif2c	Late-Ery
Msh5	Late-Ery
Agrn	Late-Ery
Asap2	Late-Ery
Oaz1-ps	Late-Ery
Dnase2a	Late-Ery
Dek	Late-Ery
Unc5cl	Late-Ery
Hist1h3g	Late-Ery
Cyb5	Late-Ery
Atp6v0a1	Late-Ery
Ppap2a	Late-Ery
Gm4285	Late-Ery
Gtse1	Late-Ery
Hist1h2bj	Late-Ery
Greb1	Late-Ery
Anks1b.4	Late-Ery
Spsb3	Late-Ery
Mfhas1	Late-Ery
Ube2r2	Late-Ery
Fam83d	Late-Ery
Tmem256	Late-Ery
Lrrc56	Late-Ery
Frmd4a	Late-Ery
Katnal1	Late-Ery
Wdr26	Late-Ery
Ubap1	Late-Ery
Yipf4	Late-Ery
Kifc5b	Late-Ery
2310022B05Rik	Late-Ery
Evi5	Late-Ery
Tmco6	Late-Ery
Mrm1	Late-Ery
Mpp1	Late-Ery
Lyl1	Late-Ery
Gcnt1	Late-Ery
Capn11	Late-Ery
Aip	Late-Ery
Klhl25	Late-Ery
Bsg	Late-Ery
Srxn1	Late-Ery
Hmmr	Late-Ery
Smap1	Late-Ery
Pcyt1b	Late-Ery
Hist1h2bc	Late-Ery
Pcx	Late-Ery
Sgol2	Late-Ery
Aspm	Late-Ery
Relt	Late-Ery
Mtmr3	Late-Ery
Gpr146	Late-Ery
Mxi1	Late-Ery
Parvb	Late-Ery
Grtp1	Late-Ery
Ift80	Late-Ery
Ska2	Late-Ery
Asf1b	Late-Ery
Mettl7a1	Late-Ery
Narf	Late-Ery
Aff1	Late-Ery
Fam63b	Late-Ery
Cep89	Late-Ery
Atp2b4	Late-Ery
H3f3a	Late-Ery
Cenpl	Late-Ery
Slc30a9	Late-Ery
Cit	Late-Ery
Ifi27	Late-Ery
Mad2l1bp	Late-Ery
Rad51c	Late-Ery
Ect2	Late-Ery
Kbtbd12	Late-Ery
Shf	Late-Ery
Zfp949	Late-Ery
Ncapd2	Late-Ery
Tk1	Late-Ery
Spag5	Late-Ery
Kif11	Late-Ery
Tcf19	Late-Ery
Cenpe	Late-Ery
Dnajb3	Late-Ery
Elmo3	Late-Ery
Rnf19a	Late-Ery
Hace1	Late-Ery
Stradb	Late-Ery
Arhgap23	Late-Ery
Ube2v1	Late-Ery
Zfpm1	Late-Ery
Mgll	Late-Ery
Plk1	Late-Ery
Gm7367	Late-Ery
Trim59	Late-Ery
Trim56	Late-Ery
Fbxo34	Late-Ery
Mppe1	Late-Ery
Ubald2	Late-Ery
Hipk1	Late-Ery
Arl6ip1	Late-Ery
Cdca8	Late-Ery
Hist1h1e	Late-Ery
Med13l	Late-Ery
Tacc3	Late-Ery
Aurkb	Late-Ery
Nde1	Late-Ery
Glrx5	Late-Ery
Hist2h2bb	Late-Ery
Il1r1	Late-Ery
Arhgef12	Late-Ery
Iqgap3	Late-Ery
Kif22	Late-Ery
Cntf	Late-Ery
Map2k3	Late-Ery
Rfx2	Late-Ery
Stom	Late-Ery
Pkd2l2	Late-Ery
Cd82	Late-Ery
4930404N11Rik	Late-Ery
Arhgap20	Late-Ery
1110034G24Rik	Late-Ery
Snx15	Late-Ery
Klf3	Late-Ery
Bcorl1	Late-Ery
Usp32	Late-Ery
Cd24a	Late-Ery
Ccnb2	Late-Ery
Iqsec1	Late-Ery
Gm14023	Late-Ery
Dcaf12	Late-Ery
Ppm1d	Late-Ery
Cdca3	Late-Ery
Nudt4	Late-Ery
Abcb9	Late-Ery
Arhgap11a	Late-Ery
Mafk	Late-Ery
Parp16	Late-Ery
Acbd4	Late-Ery
Ucp2	Late-Ery
Dennd2c	Late-Ery
Slc1a5	Late-Ery
Map4k5	Late-Ery
1700034H15Rik	Late-Ery
Naprt1	Late-Ery
Hist2h4	Late-Ery
Rassf7	Late-Ery
Ndc80	Late-Ery
Spef1	Late-Ery
Eif2ak1	Late-Ery
Btrc	Late-Ery
Josd2	Late-Ery
Racgap1	Late-Ery
Samd4	Late-Ery
Galnt10	Late-Ery
Sertad2	Late-Ery
Mpst	Late-Ery
Cdc25c	Late-Ery
Foxo4	Late-Ery
Kif4	Late-Ery
Prdx2	Late-Ery
Dennd4a	Late-Ery
Lpcat3	Late-Ery
Prr11	Late-Ery
Gm1821	Late-Ery
Clk3	Late-Ery
Slc25a38	Late-Ery
Akap7	Late-Ery
Prc1	Late-Ery
Wbscr27	Late-Ery
Arrdc3	Late-Ery
Troap	Late-Ery
5830415F09Rik	Late-Ery
Crat	Late-Ery
Hipk2	Late-Ery
4933413G19Rik	Late-Ery
Oas1b	Late-Ery
Cdkn1b	Late-Ery
Snx32	Late-Ery
Gm15800	Late-Ery
Dedd2	Late-Ery
St3gal5	Late-Ery
Fam110c	Late-Ery
Kif14	Late-Ery
Ssh1	Late-Ery
Ccnf	Late-Ery
Gpx1	Late-Ery
Slc25a39	Late-Ery
Ccnd3	Late-Ery
Spc25	Late-Ery
Tpx2	Late-Ery
Prnp	Late-Ery
Prn	Late-Ery
Gm16515	Late-Ery
Rgcc	Late-Ery
St3gal2	Late-Ery
Nfe2	Late-Ery
Fahd1	Late-Ery
Cdk1	Late-Ery
E2f7	Late-Ery
Lrrc29	Late-Ery
Aurka	Late-Ery
Gypc	Late-Ery
Fam117a	Late-Ery
Foxm1	Late-Ery
Rab43	Late-Ery
Birc5	Late-Ery
Ube2s	Late-Ery
Sema4b	Late-Ery
Urod	Late-Ery
Gadd45a	Late-Ery
Trak2	Late-Ery
Otud5	Late-Ery
Specc1	Late-Ery
Suox	Late-Ery
Uba7	Late-Ery
Agpat4	Late-Ery
Pigq	Late-Ery
Carhsp1	Late-Ery
Art4	Late-Ery
Apbb2	Late-Ery
Rnf10	Late-Ery
Pif1	Late-Ery
Micall2	Late-Ery
Pla2g16	Late-Ery
Hspbap1	Late-Ery
Ppp2r5b	Late-Ery
Fam213a	Late-Ery
Rnf11	Late-Ery
Cpeb3	Late-Ery
Atg4d	Late-Ery
Nek3	Late-Ery
Kif18b	Late-Ery
Hist1h2ak	Late-Ery
2410076I21Rik	Late-Ery
Arrb1	Late-Ery
Hist3h2a	Late-Ery
Gtpbp2	Late-Ery
4930599N23Rik	Late-Ery
Gstt1	Late-Ery
Fam53b	Late-Ery
Ankle1	Late-Ery
Dapk2	Late-Ery
Pnp2	Late-Ery
Cmas	Late-Ery
Itsn1	Late-Ery
Hist1h2an	Late-Ery
Ehbp1l1	Late-Ery
H2-T24	Late-Ery
H2afx	Late-Ery
1190002F15Rik	Late-Ery
Kctd14	Late-Ery
D5Ertd579e	Late-Ery
Dlgap5	Late-Ery
Slc25a51	Late-Ery
Tfdp2	Late-Ery
Paqr3	Late-Ery
Dyrk1b	Late-Ery
Tbcel	Late-Ery
Ankrd9	Late-Ery
Slit1	Late-Ery
Ap5s1	Late-Ery
Uros	Late-Ery
Cdkn2c	Late-Ery
Mki67	Late-Ery
Isca1	Late-Ery
D430020J02Rik	Late-Ery
C2cd2l	Late-Ery
Nusap1	Late-Ery
Kifc1	Late-Ery
Popdc2	Late-Ery
Pnpo	Late-Ery
Ppox	Late-Ery
Rab30	Late-Ery
Cln8	Late-Ery
Rnf123	Late-Ery
Adrb2	Late-Ery
Gucd1	Late-Ery
Vopp1	Late-Ery
Otub2	Late-Ery
Exoc3l	Late-Ery
A930006K02Rik	Late-Ery
Rdm1	Late-Ery
Neil3	Late-Ery
Adam33	Late-Ery
Mturn	Late-Ery
Isg20	Late-Ery
Capn5	Late-Ery
1810058I24Rik	Late-Ery
Brpf3	Late-Ery
Dnaja4	Late-Ery
Slc22a4	Late-Ery
Myo15	Late-Ery
Zpbp2	Late-Ery
Rbm38	Late-Ery
Tmem86b	Late-Ery
Chac2	Late-Ery
Cpeb4	Late-Ery
Dclk2	Late-Ery
Fzr1	Late-Ery
Arf5	Late-Ery
Mkrn1	Late-Ery
Fam220a	Late-Ery
Fam210b	Late-Ery
Fech	Late-Ery
Ranbp10	Late-Ery
Mar-03	Late-Ery
Ccrl2	Late-Ery
Ift140	Late-Ery
Sertad3	Late-Ery
Pir	Late-Ery
Ube2h	Late-Ery
Bsdc1	Late-Ery
Kif23	Late-Ery
Asb1	Late-Ery
Gpcpd1	Late-Ery
Tcp11l2	Late-Ery
Ube2c	Late-Ery
Tnk1	Late-Ery
Atg4a	Late-Ery
Dhrs11	Late-Ery
Sh3yl1	Late-Ery
Ptp4a3	Late-Ery
Afmid	Late-Ery
Rad23a	Late-Ery
Oas3	Late-Ery
Arhgef39	Late-Ery
Alk	Late-Ery
Hagh	Late-Ery
Cenpf	Late-Ery
Zrsr1	Late-Ery
Gm6213	Late-Ery
Mcmdc2	Late-Ery
Mar-02	Late-Ery
Cdkn3	Late-Ery
Tuba1c	Late-Ery
Gm166	Late-Ery
Mir22hg	Late-Ery
Shb	Late-Ery
Grina	Late-Ery
Acp5	Late-Ery
Depdc1b	Late-Ery
E2f2	Late-Ery
Rab3il1	Late-Ery
Sox6	Late-Ery
Ypel3	Late-Ery
Fam46c	Late-Ery
Kcnh7	Late-Ery
Rragd	Late-Ery
St5	Late-Ery
Smox	Late-Ery
Cish	Late-Ery
Ube2o	Late-Ery
Gypa	Late-Ery
Cdkl1	Late-Ery
Dnajb2	Late-Ery
Slc25a37	Late-Ery
Pdzk1ip1	Late-Ery
AW011738	Late-Ery
Sowaha	Late-Ery
Ninj2	Late-Ery
Bcl2l1	Late-Ery
Grap2	Late-Ery
Ppp1r15a	Late-Ery
Slc36a3	Late-Ery
Xpo7	Late-Ery
Hist3h2ba	Late-Ery
Btg2	Late-Ery
Trim10	Late-Ery
Darc	Late-Ery
Bpgm	Late-Ery
Mxd3	Late-Ery
Rsad2	Late-Ery
Plek2	Late-Ery
Dusp8	Late-Ery
Gch1	Late-Ery
Tinagl1	Late-Ery
Ube2l6	Late-Ery
Ctsf	Late-Ery
Fhdc1	Late-Ery
Cdc25b	Late-Ery
Isg15	Late-Ery
Snx22	Late-Ery
F830002L21Rik	Late-Ery
Reln	Late-Ery
Slc6a9	Late-Ery
Dok4	Late-Ery
Tmcc2	Late-Ery
Opcml	Late-Ery
Hbq1b	Late-Ery
Fam214b	Late-Ery
Tmod1	Late-Ery
Fn3k.1	Late-Ery
Slfn14	Late-Ery
Gm867	Late-Ery
Alas2	Late-Ery
Hbb-b2	Late-Ery
Hbb-bt	Late-Ery
Hba-a1	Late-Ery
Hba-a2	Late-Ery
Slc4a1	Late-Ery
Apol11b	Late-Ery
Hbb-b1	Late-Ery
Hbb-bs	Late-Ery
Psmd7	Ery-Mega
Rbm43	Ery-Mega
Bag1	Ery-Mega
E2f6	Ery-Mega
Eftud2	Ery-Mega
Nbn	Ery-Mega
Lias	Ery-Mega
Supt16	Ery-Mega
Mrpl20	Ery-Mega
Aaas	Ery-Mega
Zfp574	Ery-Mega
Tssc4	Ery-Mega
Mettl5	Ery-Mega
Gtf2a2	Ery-Mega
Tsn	Ery-Mega
Ilkap	Ery-Mega
Psmd12	Ery-Mega
Chaf1b	Ery-Mega
Rad51	Ery-Mega
Rpp25l	Ery-Mega
Tipin	Ery-Mega
Zfyve21	Ery-Mega
Usp39	Ery-Mega
Dph3	Ery-Mega
Nudt21	Ery-Mega
Casp8ap2	Ery-Mega
Suz12	Ery-Mega
Fbxo45	Ery-Mega
Smarca5	Ery-Mega
Gtf2h5	Ery-Mega
Zcchc3	Ery-Mega
Cep290	Ery-Mega
Ybx3	Ery-Mega
Psmc3	Ery-Mega
Tmem41b	Ery-Mega
Brd7	Ery-Mega
Bub1	Ery-Mega
Atl2	Ery-Mega
Dclre1a	Ery-Mega
Uqcrc1	Ery-Mega
Fmr1	Ery-Mega
Hnrnpm	Ery-Mega
Cox6b1	Ery-Mega
Cox6c	Ery-Mega
Etaa1	Ery-Mega
Tuft1	Ery-Mega
Psmd2	Ery-Mega
Polr2c	Ery-Mega
Uhrf1	Ery-Mega
Nedd1	Ery-Mega
Cdc5l	Ery-Mega
Pola2	Ery-Mega
Eri1	Ery-Mega
Smc3	Ery-Mega
Tubgcp2	Ery-Mega
Cetn3	Ery-Mega
Sephs1	Ery-Mega
Ndufb4	Ery-Mega
Psmd11	Ery-Mega
Ccdc18	Ery-Mega
Srrt	Ery-Mega
Ubxn1	Ery-Mega
Rad18	Ery-Mega
Csnk1a1	Ery-Mega
Prim1	Ery-Mega
Ezh2	Ery-Mega
Atp5j2	Ery-Mega
Rpgrip1l	Ery-Mega
Ndufa11	Ery-Mega
Zcchc17	Ery-Mega
Lsm14a	Ery-Mega
Eea1	Ery-Mega
Fads1	Ery-Mega
Crnkl1	Ery-Mega
Rab18	Ery-Mega
Ubtf	Ery-Mega
Cenpw	Ery-Mega
Rpa3	Ery-Mega
Ccdc25	Ery-Mega
Cbx5	Ery-Mega
Cenph	Ery-Mega
Osbpl1a	Ery-Mega
Rnaseh2c	Ery-Mega
Fbxo3	Ery-Mega
Mrpl51	Ery-Mega
Ip6k2	Ery-Mega
Bora	Ery-Mega
Kif20b	Ery-Mega
Hnrnpa1	Ery-Mega
Rbbp8	Ery-Mega
Zmat2	Ery-Mega
Akip1	Ery-Mega
Mtrf1l	Ery-Mega
Lancl2	Ery-Mega
Slbp	Ery-Mega
Cep70	Ery-Mega
Gpr150	Ery-Mega
Nucks1	Ery-Mega
Ing5	Ery-Mega
Dsn1	Ery-Mega
Ccdc124	Ery-Mega
Lyrm9	Ery-Mega
Usp1	Ery-Mega
Snrpc	Ery-Mega
Atp5o	Ery-Mega
Bnip3l	Ery-Mega
Wbp4	Ery-Mega
Smc2	Ery-Mega
Zfp212	Ery-Mega
Cryzl1	Ery-Mega
Zranb1	Ery-Mega
Ppp1cb	Ery-Mega
Dnajc9	Ery-Mega
Siah1b	Ery-Mega
Asph	Ery-Mega
Ptpn11	Ery-Mega
Adamtsl5	Ery-Mega
Snrnp27	Ery-Mega
Eny2	Ery-Mega
Hinfp	Ery-Mega
Cox5b	Ery-Mega
Cenpk	Ery-Mega
Med19	Ery-Mega
Tmx1	Ery-Mega
Pdik1l	Ery-Mega
Ttk	Ery-Mega
Pabpc1	Ery-Mega
Pwwp2a	Ery-Mega
Anp32e	Ery-Mega
Apip	Ery-Mega
Cox7a2	Ery-Mega
Eif5	Ery-Mega
Brd8	Ery-Mega
Shcbp1	Ery-Mega
Hspa4l	Ery-Mega
Socs4	Ery-Mega
Nfyc	Ery-Mega
Zwint	Ery-Mega
Ube2e3	Ery-Mega
Yaf2	Ery-Mega
Mad2l1	Ery-Mega
Fopnl	Ery-Mega
Gtf2e2	Ery-Mega
Mospd1	Ery-Mega
Srsf10	Ery-Mega
Cks1b	Ery-Mega
Txndc9	Ery-Mega
Adam10	Ery-Mega
Tmem60	Ery-Mega
Nucb1	Ery-Mega
Dcun1d1	Ery-Mega
Ing1	Ery-Mega
Plk4	Ery-Mega
Rbmx2	Ery-Mega
Pbk	Ery-Mega
Hscb	Ery-Mega
Ywhah	Ery-Mega
Terf1	Ery-Mega
Cks2	Ery-Mega
Zfand5	Ery-Mega
Vbp1	Ery-Mega
Kif18a	Ery-Mega
Ccnb1	Ery-Mega
G2e3	Ery-Mega
Sec14l1	Ery-Mega
Zfp180	Ery-Mega
Mis12	Ery-Mega
Mis18bp1	Ery-Mega
Eapp	Ery-Mega
Ap2m1	Ery-Mega
Cript	Ery-Mega
Cbx3	Ery-Mega
Lpcat1	Ery-Mega
Smc4	Ery-Mega
Gas2l3	Ery-Mega
Rbm15	Ery-Mega
Ubb	Ery-Mega
Ckap2l	Ery-Mega
Hmgb2	Ery-Mega
Nuf2	Ery-Mega
Ahi1	Ery-Mega
Gp9	Ery-Mega
Oaz1	Ery-Mega
Gabarapl2	Ery-Mega
Rpl36a	Mega
Rpl28	Mega
Rps13	Mega
Fau	Mega
Rpl27	Mega
Rpl17	Mega
Rps27a	Mega
Rpl11	Mega
Rps17	Mega
Rpl21	Mega
Rpl7	Mega
Rpl18a	Mega
Rps7	Mega
Rpl19	Mega
Rpl35	Mega
Rpl39	Mega
Rps29	Mega
Rps28	Mega
Rps23	Mega
Pf4	Mega
Rps16	Mega
Rpl38	Mega
Rps12	Mega
Impdh2	Mega
Gapdh	Mega
Rps15a	Mega
Dars	Mega
Rps4x	Mega
Rpl31	Mega
Treml1	Mega
Rpl36	Mega
Pde5a	Mega
Arl1	Mega
Rpl3	Mega
Rgs18	Mega
Rpl7a	Mega
Hnrnpa3	Mega
Btf3	Mega
Rab27b	Mega
Rbpms2	Mega
Rpl10	Mega
Rpl6	Mega
Rpl12	Mega
Gnaz	Mega
Rab7	Mega
Nop10	Mega
Serpine2	Mega
Tpt1	Mega
Ppia	Mega
Clu	Mega
Mrvi1	Mega
Rpl35a	Mega
Fam221b	Mega
Rpl5	Mega
Itga2b	Mega
Cycs	Mega
Dad1	Mega
Rpl30	Mega
Fnbp1l	Mega
Cox7c	Mega
Cdc42	Mega
Pex11b	Mega
Hmgn2	Mega
Tfpi	Mega
Rps27rt	Mega
Gm6402	Mega
Nsa2	Mega
Pam16	Mega
Rcn2	Mega
Myl6	Mega
Nup93	Mega
Ak2	Mega
Ppil3	Mega
Ppih	Mega
Zfp820	Mega
Reep2	Mega
Btnl9	Mega
Stmn1	Mega
Fhl1	Mega
Fads2	Mega
Tmem258	Mega
Mob1a	Mega
Taf1d	Mega
Gmps	Mega
Lsm5	Mega
Uqcrb	Mega
Wdfy1	Mega
Fcf1	Mega
Slfn9	Mega
Tbca	Mega
Cc2d2a	Mega
Rps19	Mega
Rabgap1l	Mega
Pdcd4	Mega
Gchfr	Mega
Rbx1	Mega
Rps24	Mega
Gp5.1	Mega
Rps26	Mega
Uxt	Mega
Ipo7	Mega
Lsm7	Mega
Higd1a	Mega
C1d	Mega
Mrpl1	Mega
Atp5g1	Mega
Glrx3	Mega
Tfdp1	Mega
Mrps33	Mega
Zfp146	Mega
Rpl18	Mega
Cnih4	Mega
Snx9	Mega
Hmgb1	Mega
Ruvbl1	Mega
Rpp38	Mega
Rps6kb1	Mega
Psmb3	Mega
Uhmk1	Mega
Pebp1	Mega
H13	Mega
Spred1	Mega
Tmem126b	Mega
Syncrip	Mega
Eif3e	Mega
Sorbs3	Mega
Hnrnpul1.1	Mega
Cdk6	Mega
Macrod2	Mega
Angpt1	Mega
Psma6	Mega
F2rl3	Mega
Abcf2	Mega
Chordc1	Mega
Rab17	Mega
Cttn	Mega
Pin4	Mega
Rpl23	Mega
Prdx1	Mega
Gng11	Mega
C1galt1	Mega
Ndufc1	Mega
F2r	Mega
Ptma	Mega
Ptcd3	Mega
Mrps18c	Mega
Ankrd49	Mega
Ndufab1	Mega
Rpf1	Mega
Nono	Mega
Fam174b	Mega
Polr2h	Mega
Zfp932	Mega
Timm44	Mega
Tek	Mega
Snrpb2	Mega
Ptger3	Mega
Rpl15	Mega
Eif2s2	Mega
Vdac3.1	Mega
Cetn2	Mega
Seh1l	Mega
Ppfia1	Mega
Homer2	Mega
Rhobtb3	Mega
Hook1	Mega
Znhit6	Mega
Mrpl13	Mega
Armcx3	Mega
Bzw1	Mega
Myom1	Mega
Srd5a1	Mega
Ndufa4	Mega
Decr1	Mega
Vps36	Mega
Fkbp9	Mega
Rplp2	Mega
Dnaja1	Mega
P2ry1	Mega
Rps8	Mega
Mir6236	Mega
Ica1	Mega
Lamtor5	Mega
Ift74	Mega
Skp1a	Mega
Galk1	Mega
Cops6	Mega
Snrpg	Mega
Nkrf	Mega
Rab13	Mega
Fam98b	Mega
Rbmx	Mega
S100a1	Mega
Dlg3	Mega
Dnajc19	Mega
Tmem97	Mega
Isoc1	Mega
Cyb5rl	Mega
Arl8b	Mega
Fam136a	Mega
Tmem158	Mega
Tmem40	Mega
Ndufs3	Mega
Dnajc30	Mega
Diras2	Mega
Esam	Mega
Ppid	Mega
Psma5	Mega
Nap1l1	Mega
Epc1	Mega
Hspa8	Mega
Hmgn3	Mega
Plcb4	Mega
Serpina3g	Mega
Set	Mega
Akr1e1	Mega
Rps11	Mega
Mdm1	Mega
Rpl26	Mega
Sptssa	Mega
Hnrnpa0	Mega
Appbp2	Mega
Tma16	Mega
Tufm	Mega
Rpl37a	Mega
Sord	Mega
Gp1ba	Mega
Cox7a2l	Mega
Rnps1	Mega
Ppic	Mega
Ldha	Mega
Vangl2	Mega
Hnrnpk	Mega
Eif4e	Mega
Timm50	Mega
St13	Mega
Tle6	Mega
Rbbp7	Mega
Gtpbp8	Mega
Slc5a6	Mega
Ndc1	Mega
Rap1b	Mega
Psma3	Mega
Rpf2	Mega
Zfp715	Mega
Mnat1	Mega
U2af1	Mega
Bhlhb9	Mega
Hcfc2	Mega
Slc35d3	Mega
Zfp655	Mega
Pgrmc1	Mega
Nop56	Mega
Mif	Mega
Glrp1	Mega
Zranb2	Mega
Dhx29	Mega
Slc25a36	Mega
Rbm8a	Mega
Zmym3	Mega
Msl3	Mega
Trim65	Mega
Gm15706	Mega
Ybx1	Mega
Akr1c13	Mega
Pemt	Mega
Gas5	Mega
Pggt1b	Mega
Sgce	Mega
Hint2	Mega
Magoh	Mega
Tmem126a	Mega
Mib1	Mega
Dynlrb1	Mega
Shoc2	Mega
Phax	Mega
Clstn1	Mega
Tmc6.1	Mega
Ctnnal1	Mega
Klhl9	Mega
Rad1	Mega
Fgf3	Mega
Msantd4	Mega
Ubxn8	Mega
Zbtb8os	Mega
Elmo2	Mega
Stt3a	Mega
Park7	Mega
Alg10b	Mega
Rnf219	Mega
Klc1	Mega
Rrp7a	Mega
Pfdn4	Mega
Trappc12	Mega
Spcs1	Mega
Gtf3c6	Mega
Lage3	Mega
Bcap29	Mega
Psenen	Mega
Nek4	Mega
Mios	Mega
Tmem191c	Mega
Fam92a	Mega
Eif2s1	Mega
Tcp11l1	Mega
Txn1	Mega
Plek	Mega
Tvp23b	Mega
Etfb	Mega
Mocs2	Mega
Emc2	Mega
Rps27l	Mega
Lrrcc1	Mega
Zfp738	Mega
Psd3	Mega
Haus6	Mega
Ascc1	Mega
Pdk3	Mega
Actr6	Mega
Apool	Mega
Rps3a1	Mega
Ndufa12	Mega
Rps25	Mega
Dapp1	Mega
Snrpd3	Mega
Zfp940	Mega
Vps29	Mega
Rpl14	Mega
Tmem29	Mega
Lsm6	Mega
Prpf40a	Mega
Mrgbp	Mega
Dkc1	Mega
Brix1	Mega
Arl5a	Mega
Nmt2	Mega
Haus1	Mega
Nip7	Mega
Sec22b	Mega
Chchd6	Mega
Acadm	Mega
Rbm22	Mega
Psma4	Mega
Mrps14	Mega
Sub1	Mega
Rbbp6	Mega
Ndufa9	Mega
Rpap3	Mega
Srsf3	Mega
Rps5	Mega
Ankrd27	Mega
Pdp2	Mega
Sarnp	Mega
Sytl4	Mega
Mob1b	Mega
Nf2	Mega
Npm1.1	Mega
Rab38	Mega
Mlh1	Mega
Vwf	Mega
Vma21	Mega
Crtap	Mega
B230118H07Rik	Mega
Trmt5	Mega
Otud6b	Mega
Sf3b4	Mega
Lims1	Mega
Chrac1	Mega
Rps14	Mega
Snord104	Mega
Aen	Mega
Creld2	Mega
Sdc2	Mega
Rwdd1	Mega
Tug1	Mega
Drg1	Mega
Dvl3	Mega
Amer1	Mega
Klhl11	Mega
Ttc5	Mega
Rapsn	Mega
Uck1	Mega
Pdcd10	Mega
Psme2	Mega
Tmem167	Mega
Larp4	Mega
Pus1	Mega
Bicd1	Mega
Cox8a	Mega
Twistnb	Mega
Nsfl1c	Mega
Pla2g4a	Mega
Nwd1	Mega
Mrpl42	Mega
Mtch2	Mega
St6galnac6	Mega
Denr	Mega
Stard4	Mega
Mansc1	Mega
Dynlt3	Mega
Hyi	Mega
Usp9x	Mega
Rnf141	Mega
Sugp2	Mega
Pon3	Mega
Scoc.1	Mega
Terf2ip	Mega
Tuba8	Mega
Ddx23	Mega
Esd	Mega
Zfp948	Mega
Dis3	Mega
Smim15	Mega
Cited2	Mega
Dnajc15	Mega
Ube3a	Mega
Pttg1ip	Mega
Cacybp	Mega
Coq7	Mega
Nedd4	Mega
Cntln	Mega
Ehd3	Mega
Brcc3	Mega
Ccdc181	Mega
Tmx2	Mega
Ctla2a	Mega
Zfp930	Mega
Mycn	Mega
Hspe1	Mega
Polr2e	Mega
Inpp4a	Mega
Naca	Mega
Ormdl1	Mega
Pigg	Mega
Atp5h	Mega
Tmem201	Mega
Bcl7c	Mega
Hmgn1	Mega
Ndufs2	Mega
Hmgb3	Mega
Praf2	Mega
Ttc1	Mega
Ywhaz	Mega
Ddx20	Mega
Rbm3	Mega
Sucla2	Mega
Cdca7	Mega
Prr3	Mega
Rpl9	Mega
Ubl5	Mega
Rpl13	Mega
Gzf1	Mega
Ccdc40	Mega
Hnrnpc	Mega
Hbegf	Mega
Mapk1	Mega
Ophn1	Mega
Osgep	Mega
Slc18a2	Mega
Ddx47	Mega
Grk6	Mega
Plekhn1	Mega
Csnk2a1	Mega
Khk	Mega
Snap47	Mega
Sugt1	Mega
Zfp825	Mega
Ube2i	Mega
Gtf3c3	Mega
Copz2	Mega
P2rx1	Mega
Haus3	Mega
Gstk1	Mega
Mlh3	Mega
AI504432	Mega
Dyrk2	Mega
Cep97	Mega
Itga6	Mega
Klk8	Mega