rn	pseudotime.cds.
GTAGCTAGTCTGTCAA-1_inVivo_OP3_ckit_14d_1	15.6195787289381
TCGCTCAGTGCAAGAC-1_inVivo_OP1_lin-_14d_1	15.3688691691489
TTCATTGAGACATCCT-1_inVivo_OP1_lin-_14d_1	8.97204555389434
TATCCTAAGTACTGTC-1_inVivo_OP2_ckit_14d_1	16.6930867813351
TCGCAGGTCCTACAAG-1_inVivo_OP1_lin-_28d_1	1.53136040617245
AGTGTTGCAGTAGAGC-1_inVivo_OP2_lin-_14d_1	17.0348252980044
TACTTGTGTCAAAGAT-1_inVivo_OP1_lin-_14d_1	15.3692984333457
GGTCACGCACGCGCAT-1_inVivo_OP1_lin-_28d_2	5.87809174839007
GTCGTAAGTGGGATTG-1_inVivo_OP1_lin-_14d_1	15.973245395794
TGTGGCGGTGAGCAGT-1_inVivo_OP2_lin-_14d_1	0.0635482118579889
ACGGTTAAGTCGGGAT-1_inVivo_OP4_ckit_14d_1	13.2407729086315
CATCGCTGTAGGACCA-1_inVivo_OP2_lin-_14d_1	8.87568945300106
TGTCCCAGTATGGGAC-1_inVivo_OP1_lin-_28d_2	0.0631189476611409
AACAACCGTAACTAAG-1_inVivo_OP1_lin-_28d_2	0.0626896834642929
GATAGAAAGATTCGAA-1_inVivo_OP2_Lin-_28d_1	0.810444843037602
TCCTCTTAGCATCTTG-1_inVivo_OP4_ckit_14d_1	14.5976732463687
ATCACTTTCGATACGT-1_inVivo_OP4_ckit_14d_1	15.3697276975426
GAGATGGAGTACAGAT-1_inVivo_OP3_ckit_14d_1	17.599390449237
TTACAGGTCGATACGT-1_inVivo_OP4_ckit_14d_1	11.4196762252143
GTTATGGGTGAGTAAT-1_inVivo_OP1_lin-_14d_1	9.30561717865438
CTTGAGATCTTGGCTC-1_inVivo_OP1_lin-_28d_1	2.62647638981356
GGTTCTCCATGGCCCA-1_inVivo_OP1_ckit_14d_1	16.6398945113906
AATCACGTCGTTCATT-1_inVivo_OP2_Lin-_28d_1	5.69375324987206
AGGTCATTCTCAGGCG-1_inVivo_OP1_ckit_14d_1	5.45859503482291
TGACTCCTCAGAGCGA-1_inVivo_OP1_lin-_28d_2	5.45359724152465
TTTGGAGTCGCCAGTG-1_inVivo_OP1_lin-_28d_1	2.84577916016895
TTGAACGAGTGATGGC-1_inVivo_OP2_lin-_14d_1	9.35178961686278
CTACTATAGCATAGGC-1_inVivo_OP2_lin-_14d_1	0.394897199627473
ATCCTATCAGGACAGT-1_inVivo_NTC_lin-andckit_14d_1	17.7608740030643
GCATCGGTCTGCATGA-1_inVivo_OP4_lin-_14d_1	9.35221888105963
TACTTACCAGAAACCG-1_inVivo_OP3_Lin-_28d_1	5.11098102896279
AAAGAACAGATTGACA-1_inVivo_OP1_lin-_28d_1	16.6905448995285
GTCACGGCATACCATG-1_inVivo_OP1_lin-_14d_1	9.35264814525648
TCAGTGAGTCCAGGTC-1_inVivo_OP1_lin-_28d_2	4.13685264294732
AGCCACGAGTCAACAA-1_inVivo_OP1_lin-_14d_2	0.409760718479841
CGGCAGTAGCAAACAT-1_inVivo_OP1_lin-_14d_1	10.8798613711526
AGGGAGTCAGGACATG-1_inVivo_OP1_lin-_14d_1	14.3400430363565
GGTTAACCAGAGGCTA-1_inVivo_OP3_Lin-_28d_1	2.23488929548196
GCGGATCAGTAGGCCA-1_inVivo_OP3_ckit_14d_1	16.0175390407247
ATACTTCGTGATGTAA-1_inVivo_OP2_lin-_14d_1	0.062260419267445
GAATCGTCAGATTTCG-1_inVivo_NTC_lin-andckit_14d_1	17.7613032672611
AGCATCACACCAGACC-1_inVivo_OP3_Lin-_28d_1	9.35307740945332
CTCAGTCCACACGGAA-1_inVivo_OP1_lin-_28d_2	0.061831155070597
TGCTGAATCATGCCCT-1_inVivo_OP1_lin-_28d_1	0.452896306933119
AGTCACAAGGATTCAA-1_inVivo_OP1_lin-_28d_2	0.061401890873749
GCGATCGCAACGCCCA-1_inVivo_OP3_lin-_14d_1	15.3701569617394
TCCTCGACAGGGAGAG-1_inVivo_OP3_lin-_14d_1	15.4566919884899
CGCGTGAGTCGTCAGC-1_inVivo_OP2_Lin-_28d_1	4.13728190714417
TCATCCGAGACTCAAA-1_inVivo_OP4_lin-_14d_1	0.46405080134384
TTCCGGTCAAGCCATT-1_inVivo_OP1_lin-_14d_1	9.35350667365017
CCACCATTCCTAGCGG-1_inVivo_OP1_lin-_28d_2	5.03823898148915
AGTTAGCTCCCGAGAC-1_inVivo_NTC_lin-andckit_14d_1	0.419630892536926
TGCTCGTGTGGTCTCG-1_inVivo_OP4_ckit_14d_1	15.3705862259362
AATAGAGTCTCCAAGA-1_inVivo_OP1_ckit_14d_1	13.7193928048222
CCGTGAGTCTTTGGAG-1_inVivo_OP1_lin-_14d_1	9.35393593784702
AGATCGTCACCAGTAT-1_inVivo_OP1_lin-_28d_1	0.389896719845185
ACGTAGTGTGACAACG-1_inVivo_OP1_lin-_14d_1	15.3710154901331
GGGTTATCATAGACTC-1_inVivo_OP1_lin-_28d_2	1.34852469179743
GTATTGGCAACTTGCA-1_inVivo_OP2_ckit_14d_1	16.5182093888653
TCCATGCCACCCGTAG-1_inVivo_OP2_lin-_14d_1	0.390325984042033
GGGTCTGGTCTAGTGT-1_inVivo_OP3_Lin-_28d_1	4.13771117134101
TGGAGAGTCGTTGTAG-1_inVivo_OP3_ckit_14d_1	16.2341216940932
GTAGGAGAGCATTTCG-1_inVivo_OP4_ckit_14d_1	15.3714447543299
GTTTACTCACTGTGTA-1_inVivo_OP1_lin-_14d_2	16.0179683049215
ATCGTGAAGTGCACTT-1_inVivo_OP2_lin-_14d_1	5.39512258485923
TTACGTTGTAAGCTCT-1_inVivo_OP1_lin-_14d_1	9.35436520204387
TGACTCCAGTGCAGCA-1_inVivo_OP4_ckit_14d_1	2.29535606467549
AGAACAACATCCAATG-1_inVivo_NTC_lin-andckit_14d_1	17.761732531458
CCTATCGGTGACGTCC-1_inVivo_OP3_Lin-_28d_1	0.0609726266769011
GTCATCCCACACCTGG-1_inVivo_OP2_lin-_14d_1	0.0605433624800531
GACGTTAAGGAGTATT-1_inVivo_OP1_lin-_14d_2	0.0601140982832051
AAGTCGTGTCCCGCAA-1_inVivo_OP3_ckit_14d_1	17.7621617956548
CATTGTTAGCGACTAG-1_inVivo_OP2_ckit_14d_1	17.3287517749567
GAGTGAGGTGACCGTC-1_inVivo_OP3_ckit_14d_1	16.231030800212
GATGAGGAGCAACTTC-1_inVivo_OP3_ckit_14d_1	15.5152109615072
AGCGATTAGGTAGTCG-1_inVivo_OP1_lin-_28d_2	4.13814043553786
CCAAGCGGTGCGAACA-1_inVivo_OP3_lin-_14d_1	0.248047688139045
GCAGTTACAGTGGCTC-1_inVivo_OP1_lin-_28d_1	0.390755248238881
ACGGGTCTCTGGGCAC-1_inVivo_OP4_lin-_14d_1	9.35479446624072
TCACGCTGTAGAAACT-1_inVivo_OP1_ckit_14d_1	17.7625910598517
TTACAGGCACACGGAA-1_inVivo_OP1_lin-_28d_2	4.81166244939589
GTTCATTTCACAAGGG-1_inVivo_OP1_lin-_28d_1	4.13856969973471
TCTTTGAGTTGCTCCT-1_inVivo_NTC_lin-andckit_14d_1	0.134344973951257
TAGATCGGTTGATCGT-1_inVivo_OP1_lin-_28d_2	9.35522373043756
CAGATCAGTTCGTTCC-1_inVivo_OP1_lin-_28d_2	2.8462084243658
CGTAATGGTAAGGCCA-1_inVivo_OP2_Lin-_28d_1	9.35565299463441
AGGATAACACTGGCCA-1_inVivo_OP1_ckit_14d_1	11.1842235229286
GGGTGTCTCTGGGCGT-1_inVivo_OP3_ckit_14d_1	17.7630203240485
ACCACAAAGGGATCTG-1_inVivo_OP1_lin-_14d_1	8.81530281171021
ATTGGGTAGTCCTACA-1_inVivo_OP1_lin-_28d_1	4.38005836306312
AGAGCAGTCGTGGGTC-1_inVivo_OP1_lin-_28d_1	9.4322352945129
AGATGAATCGAAGTGG-1_inVivo_OP2_ckit_14d_1	17.7634495882454
CTCCCTCGTACGAGTG-1_inVivo_OP1_lin-_14d_2	9.31811498109199
ACATCCCGTTGAGAGC-1_inVivo_OP1_lin-_28d_2	9.04077396740757
GTTTACTCAGCGGTCT-1_inVivo_OP4_ckit_14d_1	11.572099502508
AGGGTCCGTATCGTAC-1_inVivo_OP2_Lin-_28d_1	2.69855596763065
AAGTACCAGCGATGGT-1_inVivo_OP2_Lin-_28d_1	0.391184512435728
CGGAGAACAGCTCTGG-1_inVivo_OP1_lin-_14d_1	9.35608225883126
CACACAAAGCCAGACA-1_inVivo_OP3_lin-_14d_1	15.3718740185268
TGGTAGTCAGCGTTGC-1_inVivo_OP2_ckit_14d_1	15.3827701693242
TGTTCTAAGCGGGTTA-1_inVivo_OP1_lin-_14d_1	15.3723032827236
GAATAGAGTGGCTGAA-1_inVivo_OP2_lin-_14d_1	8.9880823520619
CCACAAACATTCAGGT-1_inVivo_OP1_ckit_14d_1	17.7638788524422
GTAGATCAGTGACCTT-1_inVivo_OP1_lin-_28d_1	0.0421256367944056
TACGCTCAGAATTGTG-1_inVivo_OP3_lin-_14d_1	9.35651152302811
GAGACTTAGTCAAGCG-1_inVivo_OP2_ckit_14d_1	17.7643081166391
TTTCGATCAGCGAACA-1_inVivo_OP1_lin-_28d_2	4.13899896393156
AGTTCGATCCATCTGC-1_inVivo_OP1_lin-_28d_1	1.50461568622523
TGCGATATCTCATTTG-1_inVivo_OP4_ckit_14d_1	17.7647373808359
CCATCACGTCAGGCAA-1_inVivo_OP2_ckit_14d_1	17.7651666450328
TTCGATTAGAAGTGTT-1_inVivo_OP2_Lin-_28d_1	9.29031068400181
TTCACGCTCTACTCAT-1_inVivo_OP2_lin-_14d_1	4.13942822812841
TTGTTTGGTTAGCTAC-1_inVivo_OP3_ckit_14d_1	14.8279287774148
CGCCATTTCTTACGGA-1_inVivo_OP2_Lin-_28d_1	0.0596848340863572
AGGACGAAGTGCACAG-1_inVivo_OP1_lin-_14d_2	2.84663768856265
AGTTCGACAAGTTTGC-1_inVivo_OP3_ckit_14d_1	15.2821629325431
GCCAACGTCAATCCGA-1_inVivo_OP3_lin-_14d_1	10.5394855206927
TCTCAGCTCCCATGGG-1_inVivo_NTC_lin-andckit_14d_1	17.7655959092296
AAGACAAGTACTCGCG-1_inVivo_OP2_lin-_14d_1	5.39555184905608
GAGACTTAGCATCCCG-1_inVivo_OP3_Lin-_28d_1	0.132680818823085
CCTGTTGTCGCATTGA-1_inVivo_OP2_lin-_14d_1	4.13985749232525
CTGTAGAGTAGGTGCA-1_inVivo_OP1_ckit_14d_1	14.6950543316617
GGGCTCAAGCTGTTAC-1_inVivo_OP4_lin-_14d_1	11.3844534053428
GAGATGGCAGAACTTC-1_inVivo_OP1_lin-_14d_1	9.35694078722496
TGAGGTTCATGCCATA-1_inVivo_OP1_lin-_28d_1	1.46368827778998
CGATGCGTCCCACAGG-1_inVivo_OP4_ckit_14d_1	15.3727325469205
ATCTTCAAGCAGGGAG-1_inVivo_OP2_lin-_14d_1	0.391613776632576
AAGCCATCAGTTCACA-1_inVivo_OP3_ckit_14d_1	17.7660251734264
GACTCAAAGTATCTGC-1_inVivo_OP1_lin-_28d_1	9.88684039968948
TCGTCCAAGTAAAGCT-1_inVivo_OP1_ckit_14d_1	17.7664544376233
TACCTCGCATTCCTCG-1_inVivo_OP1_lin-_28d_2	9.39055167179798
CATCGCTCAGCCTACG-1_inVivo_OP1_lin-_28d_1	9.97446213406974
TTCTCTCTCGGAAGGT-1_inVivo_OP3_lin-_14d_1	0.0592555698895092
TACGGTATCCCGTAAA-1_inVivo_OP2_lin-_14d_1	0.0588263056926612
TTATTGCTCTAGATCG-1_inVivo_OP3_Lin-_28d_1	0.0583970414958133
ACTGCAAGTTTGGAAA-1_inVivo_OP1_lin-_14d_1	9.16040533687343
GGGCCATGTCAAAGAT-1_inVivo_OP1_ckit_14d_1	11.7029084852133
CATGCGGAGGTTGACG-1_inVivo_OP1_lin-_28d_1	1.7754890639559
CCCGAAGGTATTCTCT-1_inVivo_OP3_ckit_14d_1	9.3573700514218
ACTGTGATCGCATGAT-1_inVivo_OP2_lin-_14d_1	16.5929478789993
CACAGGCGTACTCGCG-1_inVivo_OP1_lin-_14d_2	16.2455427382922
TGACGCGTCGACGCGT-1_inVivo_OP1_lin-_14d_1	16.5750810485596
ACCCAAAAGATTAGTG-1_inVivo_OP1_lin-_14d_2	0.589291182103187
GTCAAACCATCTGCGG-1_inVivo_OP1_lin-_28d_1	2.1945821611647
AGGCCACTCGGAGTAG-1_inVivo_NTC_lin-andckit_14d_1	17.7668837018201
GCTTCACCACATATCG-1_inVivo_OP3_ckit_14d_1	12.1097184261349
ATAGGCTCAAATTGGA-1_inVivo_NTC_lin-andckit_14d_1	8.83816676801008
GATGGAGGTTAACAGA-1_inVivo_OP1_lin-_28d_1	1.83298874280668
TTGTTCACAACGATTC-1_inVivo_OP1_lin-_28d_1	5.11373246664888
TAACCAGAGTATGATG-1_inVivo_NTC_lin-andckit_14d_1	17.767312966017
CGAATTGAGGTAAACT-1_inVivo_OP3_lin-_14d_1	3.09951686127149
CTGTGGGAGCCTATCA-1_inVivo_OP1_lin-_14d_1	15.3731618111173
GAGTCTAGTTTGCCGG-1_inVivo_OP2_Lin-_28d_1	2.22484759636659
TGAGGTTTCATAAGGA-1_inVivo_OP1_ckit_14d_1	16.0183975691184
GTGCTTCCACTAAACC-1_inVivo_OP1_lin-_14d_1	9.35779931561865
ATTCACTGTCTTCAAG-1_inVivo_OP3_ckit_14d_1	13.719822069019
CTCAACCCAGTAACGG-1_inVivo_OP1_lin-_28d_1	2.22836992748896
GTGCAGCTCCCAATAG-1_inVivo_OP1_lin-_28d_2	0.0579677772989653
GGGTTATGTCGTTGGC-1_inVivo_OP2_lin-_14d_1	15.3735910753142
GGATCTAAGCCTATTG-1_inVivo_OP3_ckit_14d_1	15.543698199686
TACGCTCCAAACAGGC-1_inVivo_OP3_lin-_14d_1	9.66282604341441
ATGGGAGGTCACCTTC-1_inVivo_OP1_lin-_14d_1	0.0575385131021173
GTAACCAAGTGTGTTC-1_inVivo_OP1_lin-_14d_1	9.33420224998069
CAACGATCACTTGGCG-1_inVivo_OP1_ckit_14d_1	17.7677422302138
AGTCACATCGGACGTC-1_inVivo_OP4_ckit_14d_1	15.374020339511
ACTCCCAAGCTAGTTC-1_inVivo_NTC_lin-andckit_14d_1	17.7681714944107
CAGATACAGGGTTGCA-1_inVivo_OP3_lin-_14d_1	16.815099130393
TCCATGCGTTTGATCG-1_inVivo_OP2_lin-_14d_1	4.1402867565221
TCCTAATGTGTTACTG-1_inVivo_OP4_lin-_14d_1	10.3935791348648
TCAGTCCCAATCTAGC-1_inVivo_OP2_lin-_14d_1	0.0571092489052694
TCCATGCGTCCACATA-1_inVivo_OP1_lin-_28d_2	9.3582285798155
CCACACTCAATAGGGC-1_inVivo_OP4_lin-_14d_1	9.35865784401235
ACGTTCCAGAGTGGCT-1_inVivo_OP2_ckit_14d_1	11.2271375357377
CCTACGTAGTTGGCTT-1_inVivo_OP1_lin-_28d_1	9.10720769151172
AGATGAAGTGGCTACC-1_inVivo_OP1_lin-_14d_1	9.3590871082092
AACAGGGTCCATCAGA-1_inVivo_OP1_lin-_28d_2	4.46115536983179
CAGCAGCGTTACCTTT-1_inVivo_OP2_lin-_14d_1	11.6667504457127
GTCCTCAGTGACCTGC-1_inVivo_OP1_lin-_28d_1	0
ACTATGGGTCCTGTCT-1_inVivo_OP2_lin-_14d_1	0.0566799847084214
GTAAGTCCAACACGAG-1_inVivo_OP1_lin-_14d_1	9.35951637240604
CTACATTAGGACGCAT-1_inVivo_OP2_Lin-_28d_1	16.9813421223407
CTGTAGATCGGCTTGG-1_inVivo_OP2_ckit_14d_1	17.7686007586075
AACGGGATCTGGGAGA-1_inVivo_OP3_lin-_14d_1	1.8840777440136
ACCTGAAGTTTCGATG-1_inVivo_OP4_lin-_14d_1	0.787175729582698
GTGTTCCTCTAGCAAC-1_inVivo_OP1_lin-_14d_2	9.35994563660289
TCCGAAACACACGTGC-1_inVivo_OP3_lin-_14d_1	4.14071602071895
ATTGGGTGTCAGGTAG-1_inVivo_OP3_Lin-_28d_1	0.0562507205115734
GGTGAAGTCTGCACCT-1_inVivo_OP1_lin-_14d_1	3.11184294794458
CTGTAGAAGTCATGCT-1_inVivo_OP1_lin-_28d_2	4.87351979545798
TTCTAACGTCGCTGCA-1_inVivo_OP1_lin-_14d_1	8.85100214883531
TATTCCATCCCAACTC-1_inVivo_OP4_lin-_14d_1	15.3744496037079
GAGTTGTTCGTGGTAT-1_inVivo_OP3_Lin-_28d_1	1.25068948535038
CCTTGTGGTAGAGATT-1_inVivo_OP2_ckit_14d_1	16.0188268333152
ATCTTCATCTAGATCG-1_inVivo_OP2_ckit_14d_1	17.0528747898486
TATCTTGCAGCCCAGT-1_inVivo_OP1_lin-_28d_1	0.500315270753851
TAACTTCGTCTGTGTA-1_inVivo_OP3_lin-_14d_1	0.0558214563147255
TGTTCATTCCGCGAGT-1_inVivo_OP3_ckit_14d_1	14.7225226236131
GAATAGACAAGGTACG-1_inVivo_OP4_ckit_14d_1	3.77365065383516
CTAACTTAGCCGATTT-1_inVivo_OP2_ckit_14d_1	17.7690300228044
CTGCGAGGTGAGTGAC-1_inVivo_OP2_ckit_14d_1	2.21689300639974
CGTTGGGGTTTGGGAG-1_inVivo_OP1_lin-_14d_1	15.3748788679047
GTCGTTCCAGGAGGTT-1_inVivo_OP1_lin-_14d_1	9.36037490079974
AGCGTCGCAAGTGACG-1_inVivo_OP1_lin-_14d_1	9.13081349427306
CTGGCAGAGGTCTGGA-1_inVivo_OP1_lin-_14d_1	15.3753081321016
TATCAGGCAACACAAA-1_inVivo_OP1_lin-_14d_1	8.86563064260513
ATTCGTTCATGGAATA-1_inVivo_OP2_lin-_14d_1	0.0553921921178775
TATGTTCGTCGTGGAA-1_inVivo_OP2_ckit_14d_1	11.1846527871254
TTCTAGTGTAACAAGT-1_inVivo_OP4_ckit_14d_1	8.46101438164951
ATTCTACAGAGCTTTC-1_inVivo_OP1_lin-_14d_1	9.36080416499659
GTCACTCCACAATCTG-1_inVivo_OP1_lin-_14d_1	16.106577615631
TGTTCTACAGCGGTCT-1_inVivo_OP1_lin-_14d_1	15.4321461591741
GACATCAGTACTCGAT-1_inVivo_NTC_lin-andckit_14d_1	11.1850820513223
GTGTGGCTCAAGAAAC-1_inVivo_OP3_lin-_14d_1	9.36123342919343
TGCTTGCGTGAGTGAC-1_inVivo_OP3_lin-_14d_1	0
ATTACTCAGGGAGTGG-1_inVivo_OP2_lin-_14d_1	17.0352545622013
CGTTAGACAGATTCGT-1_inVivo_OP1_lin-_28d_2	0.0549629279210295
CGTTGGGAGCGGATCA-1_inVivo_OP2_ckit_14d_1	15.2342447898453
CAGTGCGAGGTGCTTT-1_inVivo_OP1_lin-_28d_2	0.0464016557630682
CATTCTAGTCGTATTG-1_inVivo_OP1_lin-_28d_1	2.8470669527595
TTCCTAACAAGCACCC-1_inVivo_OP1_lin-_14d_1	10.4828470478405
AATGCCATCGGTAACT-1_inVivo_OP2_lin-_14d_1	4.1411452849158
GGTCTGGTCTAGTTCT-1_inVivo_OP1_lin-_14d_1	0.0545336637241816
GACCCTTGTCGGCCTA-1_inVivo_OP4_ckit_14d_1	15.3757373962984
CCATCACCACGGAAGT-1_inVivo_OP1_lin-_28d_1	0.216471081169909
TACGGGCTCGGTGAAG-1_inVivo_OP1_lin-_28d_1	9.36166269339028
GGGAGTACAGACACCC-1_inVivo_OP3_ckit_14d_1	17.7694592870012
ATCACGACAGGCAATG-1_inVivo_OP2_ckit_14d_1	16.0192560975121
AGAAGCGAGTATGGAT-1_inVivo_NTC_lin-andckit_14d_1	9.18459428605068
TCGCTTGCACCTGCGA-1_inVivo_OP1_ckit_14d_1	17.7698885511981
TGCTCGTCATGGAGAC-1_inVivo_OP3_Lin-_28d_1	0.0541043995273336
GAGCTGCCAGTCGGTC-1_inVivo_NTC_lin-andckit_14d_1	9.36209195758713
TTGACCCCATTGGCAT-1_inVivo_OP2_Lin-_28d_1	0.0536751353304856
TTTGGTTCATGAAGGC-1_inVivo_OP1_lin-_14d_1	8.74956297020731
GTGCGTGCAGGTCAGA-1_inVivo_NTC_lin-andckit_14d_1	17.7703178153949
GTCACTCAGGGAACAA-1_inVivo_OP2_ckit_14d_1	11.6806810892956
GGCACGTAGTGCTAGG-1_inVivo_OP1_lin-_14d_1	9.36252122178398
ATAGACCGTAACACGG-1_inVivo_OP1_lin-_14d_2	0.126264505206119
CCGATGGAGAGAACCC-1_inVivo_OP1_lin-_28d_2	0.0532458711336377
GGAATGGAGACCGTTT-1_inVivo_NTC_lin-andckit_14d_1	17.7707470795918
TGTCCTGGTTAGAGAT-1_inVivo_OP4_ckit_14d_1	15.3761666604952
TGGTTAGTCAGAGCAG-1_inVivo_OP1_lin-_14d_1	2.46991540208078
TCATCATTCGAGAGCA-1_inVivo_OP1_lin-_14d_1	9.36295048598083
GGGATGACAAACACCT-1_inVivo_OP2_lin-_14d_1	0.0528166069367897
CGACAGCCACGCTATA-1_inVivo_OP1_lin-_14d_1	9.36337975017767
CAGCAGCTCCTGGTCT-1_inVivo_OP3_lin-_14d_1	9.36380901437452
TTCCTAATCTTCCCGA-1_inVivo_OP3_ckit_14d_1	16.7900121479487
CATTGAGAGGCATCGA-1_inVivo_OP3_Lin-_28d_1	4.14157454911265
CGCAGGTTCCACGGGT-1_inVivo_OP2_ckit_14d_1	12.1424508074753
GGCAGTCAGGAGTACC-1_inVivo_NTC_lin-andckit_14d_1	17.7711763437886
TTCACGCTCATTGTTC-1_inVivo_OP1_lin-_28d_1	2.80108631980618
GATTTCTAGTGCACCC-1_inVivo_OP3_ckit_14d_1	17.7716056079854
CCCTAACTCAAATAGG-1_inVivo_OP2_lin-_14d_1	0.0523873427399417
CGTAATGGTGGCCACT-1_inVivo_OP2_lin-_14d_1	0.0175263145137943
TTCCAATCAGGTCCCA-1_inVivo_OP2_Lin-_28d_1	3.31582761653231
TTTGGAGCACAATCTG-1_inVivo_OP1_lin-_28d_1	9.15375203919376
GGGACCTGTCAAATCC-1_inVivo_OP1_lin-_28d_2	0.0519580785430938
TCCTTTCGTATACCTG-1_inVivo_OP2_ckit_14d_1	17.7720348721823
AGGGAGTCAGCGTATT-1_inVivo_OP4_ckit_14d_1	13.396424978442
ACGTTCCAGAAGGATG-1_inVivo_NTC_lin-andckit_14d_1	17.7724641363791
ACGGTTAGTGAGCGAT-1_inVivo_OP2_Lin-_28d_1	9.36423827857137
GTGTTCCAGATCCAAA-1_inVivo_OP1_lin-_14d_2	17.0356838263981
AGGGCCTGTTCTCCAC-1_inVivo_OP1_ckit_14d_1	17.772893400576
TCATCATAGGTAGCAC-1_inVivo_OP3_Lin-_28d_1	2.14016189109392
GATGACTTCGCATGAT-1_inVivo_OP3_Lin-_28d_1	6.13805385482815
AGTCAACAGGACGCAT-1_inVivo_OP1_lin-_28d_1	0.138161162912293
CATTCTATCCGACAGC-1_inVivo_OP4_lin-_14d_1	16.6896863711348
GCCATGGTCCTCAGAA-1_inVivo_OP1_lin-_28d_2	9.36466754276822
TTCACGCCATTGTCGA-1_inVivo_OP3_Lin-_28d_1	14.6139373460656
TGCACGGTCCCGAAAT-1_inVivo_OP3_lin-_14d_1	0.117059142970291
CATACTTGTATGGTTC-1_inVivo_NTC_lin-andckit_14d_1	0.0515288143462458
TCACGGGTCAAGGTGG-1_inVivo_OP3_Lin-_28d_1	0.489294102799413
CTCGAGGCATACTGAC-1_inVivo_OP2_ckit_14d_1	13.7094187784578
TCTATACCACAGCATT-1_inVivo_OP2_ckit_14d_1	11.4165071447819
CCTCAACTCTCCCTAG-1_inVivo_OP3_ckit_14d_1	12.07008571485
CAGGGCTAGAGAGAAC-1_inVivo_OP2_ckit_14d_1	17.7733226647728
ACGGTCGAGGCTGAAC-1_inVivo_OP3_Lin-_28d_1	0.392043040829424
AACACACCACCAACAT-1_inVivo_OP2_lin-_14d_1	9.36509680696507
AGGCTGCAGGCACCAA-1_inVivo_OP1_lin-_28d_2	8.74999223440416
AGCATCAGTCTACTGA-1_inVivo_OP2_ckit_14d_1	12.2938166376283
GGAAGTGAGCCTTTGA-1_inVivo_OP1_lin-_28d_2	9.36552607116191
CCACGTTCAGCGTACC-1_inVivo_OP1_lin-_28d_1	0.0510995501493978
TCGAACAAGGGCAGAG-1_inVivo_OP2_Lin-_28d_1	5.57563889235544
CATGCAATCTGGACCG-1_inVivo_OP1_lin-_28d_2	4.14200381330949
TACGGTACAGAAATTG-1_inVivo_OP1_lin-_14d_1	9.36595533535876
CTGCAGGTCCTCTTTC-1_inVivo_OP2_lin-_14d_1	5.39598111325292
TTAGGCAGTGGAAGTC-1_inVivo_OP3_ckit_14d_1	16.423223413749
TCCGAAAGTTCGTACA-1_inVivo_OP1_lin-_28d_2	0.0506702859525499
TCCGTGTCAAGTTCGT-1_inVivo_OP1_lin-_28d_2	11.1855113155191
TAAGCGTTCCCGTGAG-1_inVivo_OP1_lin-_14d_1	9.10917075512195
ACAACCAAGAGACAAG-1_inVivo_OP1_lin-_14d_1	9.05925691034154
CTTCGGTTCCCTTTGG-1_inVivo_OP1_lin-_14d_1	9.95873257625712
CCACTTGCAATACGCT-1_inVivo_OP2_ckit_14d_1	13.4523504890945
GTCTAGACACTGAATC-1_inVivo_OP1_ckit_14d_1	8.10983543916509
GTAACACTCCATTCAT-1_inVivo_OP3_ckit_14d_1	11.8727578981109
AGTCATGCAGGACAGT-1_inVivo_OP2_lin-_14d_1	0.244335761128423
AATCACGTCATGAGTC-1_inVivo_OP1_lin-_14d_1	8.750421498601
TTGCCTGCAGTCAGAG-1_inVivo_OP3_ckit_14d_1	16.1952384694401
AAAGTGAAGGTAGTAT-1_inVivo_OP2_ckit_14d_1	12.1719357819883
ATGAGGGGTGCAGGAT-1_inVivo_OP3_lin-_14d_1	0.181975618598825
ACCTACCTCTAGTGTG-1_inVivo_OP1_lin-_28d_1	0.0733455451194205
ACTTTGTGTATCGCAT-1_inVivo_OP2_ckit_14d_1	11.7508342267366
TGTGTGACACCAGTAT-1_inVivo_OP1_lin-_14d_1	8.75085076279785
AGCGCTGCAACAGTGG-1_inVivo_OP3_ckit_14d_1	17.7407264912051
AACCACATCACTTGGA-1_inVivo_OP3_ckit_14d_1	17.7737519289697
CCGTTCACACATCCCT-1_inVivo_OP3_Lin-_28d_1	14.5164814853455
AACCTTTAGGTTGAGC-1_inVivo_OP1_lin-_14d_1	4.67443863034286
GCAACATCAGGTTCGC-1_inVivo_OP1_lin-_28d_1	4.14243307750634
GCTTGGGTCGTGGGAA-1_inVivo_OP1_lin-_28d_1	5.89884763934192
AAGTGAAGTGGTAATA-1_inVivo_OP2_ckit_14d_1	13.1939558320379
ACTTCCGCATCTGGGC-1_inVivo_OP3_Lin-_28d_1	15.3765959246921
CTCCTCCTCGCCCAGA-1_inVivo_NTC_lin-andckit_14d_1	17.7741811931665
TGAGCGCCACCAATTG-1_inVivo_OP1_lin-_14d_1	9.36638459955561
AGACAGGAGAGTCTTC-1_inVivo_OP1_lin-_14d_1	9.36681386375246
TCGACGGAGCAAACAT-1_inVivo_OP2_ckit_14d_1	16.3217922243694
CCTCAGTTCGCTACGG-1_inVivo_OP3_Lin-_28d_1	9.36724312794931
CCGTTCAGTGCATGTT-1_inVivo_OP3_Lin-_28d_1	12.0984856891201
TTTGTTGGTTGCAACT-1_inVivo_OP1_lin-_28d_2	4.90816518384059
TTGTTGTGTAGCCAGA-1_inVivo_OP3_lin-_14d_1	0.0502410217557019
CTTCTCTCAGCCCACA-1_inVivo_OP1_lin-_28d_2	0.0498117575588539
TGCATCCAGAGGGCGA-1_inVivo_OP3_Lin-_28d_1	0.049382493362006
TGTGAGTCATGGGTTT-1_inVivo_OP1_lin-_28d_1	1.6165356665421
GACACGCGTGCCAAGA-1_inVivo_OP1_lin-_14d_1	15.3770251888889
TCCATCGGTTCTAACG-1_inVivo_OP1_lin-_28d_1	9.51205535485182
CACACAAGTGGACTGA-1_inVivo_NTC_lin-andckit_14d_1	0.389431167367034
CCCTAACCAAGAGGCT-1_inVivo_OP1_lin-_28d_2	9.19215871871454
CTCAACCAGTCAACAA-1_inVivo_NTC_lin-andckit_14d_1	14.7015664977857
ATTCCATTCCAAGCCG-1_inVivo_OP1_lin-_28d_2	7.43552712825729
GATCAGTGTCTACAGT-1_inVivo_OP4_lin-_14d_1	11.3141813726183
GCTGAATGTTTGGCTA-1_inVivo_OP3_lin-_14d_1	14.190494946342
TGATGGTAGAAACTCA-1_inVivo_OP2_Lin-_28d_1	7.96326595284013
ATGAGTCTCGGCTGAC-1_inVivo_OP1_lin-_14d_1	9.36767239214615
TTGGGTATCAAGCCCG-1_inVivo_OP1_lin-_14d_1	15.3774544530858
ATCTCTATCCGCAGTG-1_inVivo_OP3_ckit_14d_1	13.7202513332159
CCCTAACCACAAAGCG-1_inVivo_OP4_ckit_14d_1	15.3778837172826
GGCAGTCTCGTAGGGA-1_inVivo_OP1_lin-_14d_1	0.0179555787106422
AAGATAGAGCAAGCCA-1_inVivo_OP3_lin-_14d_1	9.368101656343
TTACTGTGTAAGATAC-1_inVivo_OP1_ckit_14d_1	11.185940579716
ACCCTCATCTTCGGTC-1_inVivo_OP2_ckit_14d_1	16.0750548010641
AGAACAACAAGTCGTT-1_inVivo_OP1_lin-_14d_1	9.11598051154343
TCGAACAGTCCAGTTA-1_inVivo_OP4_lin-_14d_1	9.36853092053985
CTAACCCTCTCACCCA-1_inVivo_OP1_lin-_14d_1	3.73277634381023
ATGTCTTTCGGTAGAG-1_inVivo_OP3_lin-_14d_1	1.57736819682423
GTACAACGTAGAGTTA-1_inVivo_OP1_lin-_28d_1	3.46879654534527
TACAACGAGCTAAATG-1_inVivo_OP1_lin-_14d_1	16.8082761078469
TCCTTTCGTGTTCCAA-1_inVivo_OP3_ckit_14d_1	16.7443691798419
GAACACTAGTAGTCTC-1_inVivo_OP3_ckit_14d_1	17.7746104573634
GAGTTTGAGCTGTCCG-1_inVivo_NTC_lin-andckit_14d_1	11.1863698439128
ACGTTCCGTTCAGCGC-1_inVivo_OP2_lin-_14d_1	0.048953229165158
CGTGCTTTCCAACCAA-1_inVivo_OP3_Lin-_28d_1	1.67784428674589
CCGGACATCTGCTGAA-1_inVivo_OP1_lin-_28d_1	10.1281538073068
TAGCACAAGGGCCTCT-1_inVivo_OP2_ckit_14d_1	14.8744923498144
CACAACAGTATTGGCT-1_inVivo_OP1_lin-_14d_1	8.83185960948875
CATGGTAAGCTGCCAC-1_inVivo_OP1_lin-_14d_2	1.17723401040353
GTCAAGTTCCCGAGAC-1_inVivo_OP3_ckit_14d_1	2.26966543513605
ATAGGCTGTAGGTTTC-1_inVivo_OP3_lin-_14d_1	0.392472305026272
CGCATGGGTGGAGAAA-1_inVivo_OP2_lin-_14d_1	5.39641037744977
AAGGTAACATGTCTAG-1_inVivo_OP2_Lin-_28d_1	0
CCGTAGGAGTATGGCG-1_inVivo_OP3_lin-_14d_1	8.8726684807263
TTCCTTCAGAGTTGAT-1_inVivo_NTC_lin-andckit_14d_1	17.7750397215602
TTACCGCGTCCATAGT-1_inVivo_OP3_Lin-_28d_1	9.3689601847367
AGAAGCGGTTTATGCG-1_inVivo_OP1_ckit_14d_1	17.7754689857571
TCCACCATCTTAGCTT-1_inVivo_OP1_lin-_28d_2	6.4000622130817
CTGGTCTGTGTTCCAA-1_inVivo_OP3_lin-_14d_1	3.59329686505277
CATGAGTGTGCGGATA-1_inVivo_OP1_lin-_28d_2	1.51157350724799
GTTACGAAGTTGCATC-1_inVivo_OP1_lin-_28d_1	2.14154095310614
GTCCTCACATTATGCG-1_inVivo_OP3_lin-_14d_1	0.04852396496831
AACCAACCAACCGATT-1_inVivo_OP2_Lin-_28d_1	0.0480947007714621
TCATTCAAGAAGCCAC-1_inVivo_OP1_lin-_14d_1	9.05125750227684
TTACTGTTCCCAGGCA-1_inVivo_OP1_lin-_14d_1	9.36938944893355
GTCACTCGTTACAGCT-1_inVivo_OP1_lin-_14d_1	10.7348889621537
AATCACGCAATCGCCG-1_inVivo_NTC_lin-andckit_14d_1	17.7758982499539
AGTAGTCAGCGTTGTT-1_inVivo_OP2_lin-_14d_1	0.0476654365746141
GCACGTGTCGACGTCG-1_inVivo_OP3_ckit_14d_1	16.1990185176588
CGCCATTGTAGAGATT-1_inVivo_OP4_ckit_14d_1	13.7206805974127
GCCGTGAGTAGACAAT-1_inVivo_OP4_ckit_14d_1	15.3783129814795
GGTGAAGCAGCGACCT-1_inVivo_OP1_ckit_14d_1	17.362561493192
TCGGGTGGTTAGGACG-1_inVivo_OP4_ckit_14d_1	17.7763275141508
TGGGCTGAGTCTGCGC-1_inVivo_OP1_lin-_28d_2	0.384031193123271
TAACTTCTCTATACGG-1_inVivo_OP1_lin-_14d_1	9.34984568052636
CCACCATAGGATTTAG-1_inVivo_OP2_lin-_14d_1	5.39683964164662
CAATACGAGAAACACT-1_inVivo_OP3_ckit_14d_1	17.7767567783476
TAGGTTGAGTAGTCAA-1_inVivo_OP2_ckit_14d_1	16.0218388334137
AAGGTAAAGGGATCGT-1_inVivo_OP2_lin-_14d_1	0.0472361723777661
ATTTACCTCTTTGGAG-1_inVivo_OP3_lin-_14d_1	0.0468069081809181
ACTTATCTCATCGCCT-1_inVivo_NTC_lin-andckit_14d_1	15.8353229675793
TACCTCGGTCCCTAAA-1_inVivo_OP1_lin-_14d_1	9.36981871313039
AGAAATGAGGGTAGCT-1_inVivo_OP2_Lin-_28d_1	0.0463776439840702
CAGGTATCATTAGGAA-1_inVivo_OP3_ckit_14d_1	17.7771860425445
GTCAAACTCCCATAAG-1_inVivo_OP1_lin-_14d_1	15.3787422456763
TGACTCCAGAGCCTGA-1_inVivo_OP1_lin-_14d_1	8.87977739793688
GCACGGTTCGTAGAGG-1_inVivo_OP2_ckit_14d_1	17.7776153067413
AGGATAATCCGGTTCT-1_inVivo_OP3_lin-_14d_1	15.3791715098732
GGGAAGTCATGGGAAC-1_inVivo_NTC_lin-andckit_14d_1	17.7780445709381
GCATGATTCTGAGTCA-1_inVivo_OP2_lin-_14d_1	5.39726890584347
TCATCCGTCAGACAAA-1_inVivo_OP3_ckit_14d_1	16.0967393342248
GAAGGGTAGAGTCAAT-1_inVivo_OP3_ckit_14d_1	9.24999064077541
GAGGGATTCCTCACCA-1_inVivo_OP1_ckit_14d_1	17.778473835135
TCCGATCAGAAGCGAA-1_inVivo_OP2_ckit_14d_1	16.6546414354265
TATATCCGTTGCCTAA-1_inVivo_OP3_ckit_14d_1	17.7789030993318
GACGCTGCACGTACTA-1_inVivo_OP2_Lin-_28d_1	1.92819140840778
GGGATGATCAGCTCTC-1_inVivo_OP2_ckit_14d_1	12.1723650461851
CATTTCATCCACGTGG-1_inVivo_OP3_ckit_14d_1	16.5811286199246
GGAGGTACACCAACAT-1_inVivo_OP1_lin-_28d_1	0.735432305871515
GAAGGACGTCAACCTA-1_inVivo_OP1_lin-_14d_1	2.84749621695635
GACGCTGCAAGTATAG-1_inVivo_OP4_lin-_14d_1	15.37960077407
ACCTGTCTCTCGTGAA-1_inVivo_OP1_lin-_28d_1	9.08464092272646
TCGACGGAGTCGAGGT-1_inVivo_OP1_lin-_14d_1	2.33345314582192
GCTGAATGTTCCTACC-1_inVivo_OP2_ckit_14d_1	15.6458281273577
CTCAGTCTCTCTCTTC-1_inVivo_OP1_lin-_28d_2	9.37024797732724
CCCAACTTCTCAGTCC-1_inVivo_OP3_Lin-_28d_1	0.0459483797872222
GAAGGACCACCGTGCA-1_inVivo_OP1_ckit_14d_1	17.7793323635287
ACAAGCTGTTGCATAC-1_inVivo_NTC_lin-andckit_14d_1	5.57606815655229
GGGTTTATCGACGAGA-1_inVivo_OP1_lin-_28d_2	16.8253722285141
TACACCCGTGTCCGGT-1_inVivo_OP3_Lin-_28d_1	17.6014214709405
GTCGTTCTCCTGGCTT-1_inVivo_OP1_ckit_14d_1	17.7797616277255
GGGTCTGGTGTGACCC-1_inVivo_OP2_ckit_14d_1	16.0196853617089
CAAGGGATCCACCTCA-1_inVivo_NTC_lin-andckit_14d_1	13.1186045867903
ACTATCTCACACGCCA-1_inVivo_OP1_lin-_14d_2	15.3800300382669
GAGGGATAGAGCCTGA-1_inVivo_OP1_lin-_28d_2	16.4593150806398
GCTCAAATCTCGCGTT-1_inVivo_OP1_lin-_14d_1	9.37067724152409
GCGGAAATCCGGCAGT-1_inVivo_OP2_ckit_14d_1	16.5871344086212
CCCTCAAAGATCCCAT-1_inVivo_OP1_lin-_28d_2	4.38483503920622
TACTTGTCAGCGCGTT-1_inVivo_OP3_lin-_14d_1	0.148911142641561
CTTGATTCACAATCTG-1_inVivo_OP2_ckit_14d_1	15.567044949358
GAGGGTATCGTGCTCT-1_inVivo_OP2_ckit_14d_1	14.5981025105656
TGTTGAGAGTCTGGAG-1_inVivo_OP2_ckit_14d_1	17.7801908919224
CACAACACATAAGCGG-1_inVivo_OP1_lin-_28d_2	0.0259514826412413
TCCTGCAAGCAGGGAG-1_inVivo_OP2_ckit_14d_1	11.6329354928864
CTTCTCTAGTCTGGTT-1_inVivo_OP1_lin-_14d_1	15.3804593024637
CGGGTCAGTCATGGCC-1_inVivo_OP3_Lin-_28d_1	11.1867991081097
TAGGTACTCACGGGAA-1_inVivo_OP2_lin-_14d_1	8.7512800269947
AGACCCGTCTAGATCG-1_inVivo_OP3_lin-_14d_1	9.24935129900237
CATCCACCACGCTATA-1_inVivo_OP2_lin-_14d_1	9.32673617110444
GATCATGTCACGTAGT-1_inVivo_OP3_lin-_14d_1	16.4799106102701
AGAACCTCACCAGCTG-1_inVivo_OP1_lin-_14d_1	16.8580996874493
AGATCCAGTATTTCTC-1_inVivo_OP1_lin-_28d_2	9.15453087332623
TCTAACTTCTGCGGCA-1_inVivo_OP1_lin-_28d_2	4.14286234170319
TTCTAGTTCGGCTTGG-1_inVivo_OP3_lin-_14d_1	0.207209281459856
AAACGAAGTGGTCCGT-1_inVivo_OP1_lin-_28d_2	8.75170929119155
CTCAGAATCCATACTT-1_inVivo_OP2_Lin-_28d_1	2.67315010811577
ACTGCAAGTCGTTGGC-1_inVivo_OP1_lin-_28d_2	15.3808885666606
GCCGATGCATGGACAG-1_inVivo_OP2_lin-_14d_1	15.3813178308574
CCGCAAGCACTGATTG-1_inVivo_OP1_lin-_14d_1	9.37110650572094
TCATGTTGTGGCTAGA-1_inVivo_OP3_Lin-_28d_1	15.3817470950542
GCTTGGGCAGGCACTC-1_inVivo_OP1_lin-_28d_2	4.14329160590004
AACACACAGATCCCAT-1_inVivo_OP1_lin-_28d_2	5.28489365292488
CAAGGGACATGGGTTT-1_inVivo_OP3_ckit_14d_1	16.0201146259057
TTTCCTCCAAGGCGTA-1_inVivo_OP1_lin-_14d_1	9.37153576991779
CTCTCGACATTAGGAA-1_inVivo_OP1_ckit_14d_1	13.5075157415157
TGACGCGTCAATCTTC-1_inVivo_OP2_lin-_14d_1	9.30715399704874
AGGTGTTGTCGCCACA-1_inVivo_OP1_lin-_28d_1	9.37196503411463
AGGGCCTCATTGAAGA-1_inVivo_OP3_Lin-_28d_1	0.79697477064777
CACTAAGTCCCTAGGG-1_inVivo_OP1_lin-_28d_2	4.4797532380329
TCATTCAGTGTCCATA-1_inVivo_OP1_lin-_14d_1	8.91739638595373
CGCCAGATCGAACCTA-1_inVivo_OP3_ckit_14d_1	16.351266214042
TTAGGCAGTTCCAAAC-1_inVivo_NTC_lin-andckit_14d_1	0.392654535713698
CGGAGAAAGGATTACA-1_inVivo_OP4_lin-_14d_1	15.3821763592511
CAACGGCTCAACGAGG-1_inVivo_OP1_lin-_14d_1	15.3826056234479
ACTATCTGTATGCAAA-1_inVivo_OP1_lin-_28d_2	5.13885111309261
CTAAGTGCAGACAAAT-1_inVivo_OP2_ckit_14d_1	12.3927439934315
ATTCTTGTCTTTGCGC-1_inVivo_OP1_lin-_14d_1	9.37239429831148
TTAATCCTCGACCTAA-1_inVivo_OP2_lin-_14d_1	5.39769817004032
TTCGGTCCAAGCCTGC-1_inVivo_OP1_lin-_14d_1	15.3830348876448
GTAGGTTCAAGCTCTA-1_inVivo_OP3_ckit_14d_1	15.8446810211039
AATAGAGTCGCAGTCG-1_inVivo_OP1_ckit_14d_1	17.7806201561192
GAGGGATGTAGGACTG-1_inVivo_OP1_lin-_14d_1	9.37282356250833
GAAGCCCAGTTACGAA-1_inVivo_OP4_lin-_14d_1	9.37325282670518
CTCCACATCCCATTTA-1_inVivo_OP1_lin-_14d_2	0.373702523004546
GCATTAGAGCAGCCCT-1_inVivo_OP1_ckit_14d_1	11.1872283723065
CGAAGTTGTCAGGAGT-1_inVivo_OP3_lin-_14d_1	9.26907640919393
TGAGCATTCTATTCGT-1_inVivo_OP1_ckit_14d_1	11.5328681186138
CATCGGGCACCTTCGT-1_inVivo_OP1_lin-_28d_1	0.199748772728104
TGTAACGAGACCGTTT-1_inVivo_OP1_ckit_14d_1	16.3360336438912
TCATCCGGTCCGTACG-1_inVivo_OP1_lin-_28d_1	0.398479220718313
TGATTCTTCAACACGT-1_inVivo_OP2_ckit_14d_1	15.3741533257773
CATTTCAAGTAGGTTA-1_inVivo_OP1_lin-_28d_2	4.52662628166199
CCGTGAGAGTAGATCA-1_inVivo_OP1_lin-_28d_2	9.37368209090203
CGGGTGTTCATCTCTA-1_inVivo_OP1_lin-_28d_1	5.33466937342532
CACTGTCAGCATTTCG-1_inVivo_NTC_lin-andckit_14d_1	17.7810494203161
CCACACTCAGGAGGAG-1_inVivo_OP1_lin-_28d_2	0.39290156922312
CATACAGTCAGGACAG-1_inVivo_OP3_ckit_14d_1	15.1422079727164
TCGCACTCACTAACCA-1_inVivo_OP3_Lin-_28d_1	1.22780010775136
TAGAGTCTCTGCCTGT-1_inVivo_OP3_ckit_14d_1	13.2011553591431
TATCTGTTCCGGTAGC-1_inVivo_OP4_lin-_14d_1	9.19955787542107
CTGCTCACAAGCTGTT-1_inVivo_OP1_lin-_14d_1	3.34784192797213
TTGACCCAGGTTCTTG-1_inVivo_OP1_lin-_28d_1	0.654715357343966
AAGTCGTAGAGTAACT-1_inVivo_OP3_lin-_14d_1	9.1981249801485
GGGCGTTAGAGAGGTA-1_inVivo_OP1_lin-_14d_1	15.3834641518416
GTCGTAAGTGGGCTTC-1_inVivo_OP2_ckit_14d_1	17.7814786845129
GATGATCCAACCACAT-1_inVivo_OP4_ckit_14d_1	17.7819079487098
AATGCCACATTCTGTT-1_inVivo_OP2_ckit_14d_1	14.5985317747624
AACCACACATCGATAC-1_inVivo_OP4_ckit_14d_1	8.47371755822748
CTGGCAGGTCTTTCAT-1_inVivo_OP2_ckit_14d_1	14.95741357828
GTTGCTCGTGAACCGA-1_inVivo_OP1_lin-_14d_2	3.24439497814502
AGTCATGAGAGACAAG-1_inVivo_OP1_lin-_14d_1	8.78963950052989
TCAGCAAGTGTCTTAG-1_inVivo_OP1_lin-_14d_1	15.6058412661774
GCACATAAGAGGTCAC-1_inVivo_OP1_lin-_28d_2	0
AGAACCTAGGACTATA-1_inVivo_OP4_lin-_14d_1	0.0455191155903742
CACAGATCAGGTGGAT-1_inVivo_OP2_lin-_14d_1	5.39812743423716
TCCTTCTTCGTCAGAT-1_inVivo_OP1_lin-_14d_1	9.37411135509887
