barcode,TCR
AAACCTGCACACATGT-1,0
AAACCTGCACGTCTCT-1,0
AAACCTGTCAATACCG-1,0
AAACCTGTCGTGGTCG-1,0
AAACGGGTCTGAGTGT-1,0
AAAGATGAGCACGCCT-1,0
AAAGATGGTTATCCGA-1,0
AAAGATGTCATAGCAC-1,0
AAAGCAAGTCGAGATG-1,0
AAATGCCGTGACTACT-1,0
AAATGCCGTTAAGAAC-1,0
AACACGTAGTATGACA-1,0
AACACGTCATTACCTT-1,0
AACCGCGGTACCTACA-1,0
AACCGCGTCCCTCAGT-1,0
AACCGCGTCTTACCTA-1,0
AACGTTGAGCATCATC-1,0
AACTCAGAGGGAAACA-1,0
AACTCAGCACCGAATT-1,0
AACTCCCAGCTAACAA-1,0
AACTCCCAGTAGATGT-1,0
AACTCCCTCATGCTCC-1,0
AACTGGTAGCCACTAT-1,0
AACTTTCAGAAACCTA-1,0
AACTTTCAGGAGTCTG-1,0
AACTTTCCATACAGCT-1,0
AAGACCTAGACTCGGA-1,0
AAGACCTCAAGGTTTC-1,0
AAGACCTTCAACGGCC-1,0
AAGCCGCTCGTCCGTT-1,0
AAGGAGCAGGTGCAAC-1,0
AAGGCAGGTTAGATGA-1,0
AAGGTTCAGTCCCACG-1,0
AAGGTTCGTCTGATTG-1,0
AAGGTTCTCAGATAAG-1,0
AAGTCTGCACCGAAAG-1,0
AATCCAGAGTCGTTTG-1,0
AATCGGTAGCTCTCGG-1,0
AATCGGTAGTAGGCCA-1,0
ACACCAAGTACGCACC-1,0
ACACCAAGTGCTCTTC-1,0
ACACCCTAGAATTCCC-1,0
ACACCCTCAAACAACA-1,0
ACACCCTCACAAGACG-1,0
ACACCCTCAGCTGTAT-1,0
ACACCGGAGTATGACA-1,0
ACACCGGAGTCAATAG-1,0
ACACCGGAGTCCATAC-1,0
ACACTGACACGGTAAG-1,0
ACACTGAGTAGCGCAA-1,0
ACACTGATCGCTTGTC-1,0
ACAGCCGTCACTTATC-1,0
ACAGCCGTCCTTCAAT-1,0
ACAGCTAGTAGCACGA-1,0
ACAGCTATCCGTTGTC-1,0
ACATACGCATCACCCT-1,0
ACATACGGTTGAACTC-1,0
ACATCAGAGCTGCGAA-1,0
ACATCAGTCTCGGACG-1,0
ACATGGTAGCCAGTAG-1,0
ACATGGTCATCCCATC-1,0
ACATGGTCATCTATGG-1,0
ACCCACTAGCCACGTC-1,0
ACCCACTGTAGCTGCC-1,0
ACCCACTTCTGTTGAG-1,0
ACCGTAAGTTCCTCCA-1,0
ACCGTAATCCAAGTAC-1,0
ACGAGCCAGCTAGTTC-1,0
ACGAGCCCAATCTGCA-1,0
ACGAGCCGTCCAGTGC-1,0
ACGAGCCGTTTACTCT-1,0
ACGAGGACACTCAGGC-1,0
ACGATACAGCACAGGT-1,0
ACGATACCAGATCGGA-1,0
ACGATACGTATAGGGC-1,0
ACGATACGTGGCGAAT-1,0
ACGATACTCACGCGGT-1,0
ACGATGTTCATACGGT-1,0
ACGCAGCAGGAGTTGC-1,0
ACGCAGCGTCTTCTCG-1,0
ACGCAGCGTTAGTGGG-1,0
ACGCCAGTCAACGGGA-1,0
ACGCCGAGTCTGATTG-1,0
ACGGCCACATAGACTC-1,0
ACGGCCAGTAGGCTGA-1,0
ACGGGCTAGGACCACA-1,0
ACGGGTCCATATACCG-1,0
ACGGGTCGTACCGTAT-1,0
ACGGGTCTCGAGAGCA-1,0
ACGTCAAAGCGTAGTG-1,0
ACGTCAACAAACGTGG-1,0
ACGTCAAGTAAGCACG-1,0
ACGTCAAGTGCGATAG-1,0
ACTATCTAGGTGCAAC-1,0
ACTATCTGTAGAGCTG-1,0
ACTGAACCACTACAGT-1,0
ACTGAACCACTGTGTA-1,0
ACTGAGTGTGACAAAT-1,0
ACTGAGTGTGTGAATA-1,0
ACTGAGTTCCAGAAGG-1,0
ACTGATGCACATGTGT-1,0
ACTGCTCAGAATCTCC-1,0
ACTGCTCGTGCCTGGT-1,0
ACTGCTCTCAACGCTA-1,0
ACTGCTCTCAGGCAAG-1,0
ACTGTCCGTAGGACAC-1,0
ACTGTCCTCAGATAAG-1,0
ACTGTCCTCCTAGAAC-1,0
ACTTACTCATGCTAGT-1,0
ACTTGTTAGACAGGCT-1,0
ACTTGTTAGGCAATTA-1,0
ACTTGTTTCTCCTATA-1,0
AGAATAGAGCGTCTAT-1,0
AGAATAGTCGGCCGAT-1,0
AGACGTTCATCAGTCA-1,0
AGACGTTCATCCCATC-1,0
AGACGTTGTACCGCTG-1,0
AGACGTTGTATTCGTG-1,0
AGAGCGAAGAAGGTGA-1,0
AGAGCGACAACACCTA-1,0
AGAGCGAGTACCGTTA-1,0
AGAGCTTAGCGCTTAT-1,0
AGAGCTTTCTCAAGTG-1,0
AGAGTGGAGTTAACGA-1,0
AGATCTGAGGCTAGCA-1,0
AGATCTGTCTAACCGA-1,0
AGATTGCCATCACGTA-1,0
AGATTGCGTCTGCCAG-1,0
AGCAGCCGTTAAGTAG-1,0
AGCATACAGATGCGAC-1,0
AGCATACAGGCCGAAT-1,0
AGCATACCAAGGTGTG-1,0
AGCATACTCAGTGTTG-1,0
AGCCTAAAGACTAAGT-1,0
AGCCTAAAGCTAAACA-1,0
AGCCTAATCTGATACG-1,0
AGCGGTCCAAACGCGA-1,0
AGCGGTCTCTCTAGGA-1,0
AGCGTATGTGCCTGCA-1,0
AGCGTATTCTTGGGTA-1,0
AGCGTCGCATGCTGGC-1,0
AGCGTCGTCATCTGTT-1,0
AGCTCCTTCAGCAACT-1,0
AGCTCTCGTGAGGGTT-1,0
AGCTCTCGTGGTTTCA-1,0
AGGCCACCAAGACACG-1,0
AGGCCGTGTGATAAAC-1,0
AGGCCGTTCGTGGTCG-1,0
AGGGAGTCAGCGTCCA-1,0
AGGGAGTCATAGGATA-1,0
AGGGATGTCAGTTCGA-1,0
AGGGTGAAGACTAGAT-1,0
AGGGTGAAGATGCGAC-1,0
AGGGTGACACGGACAA-1,0
AGGGTGAGTAGCTTGT-1,0
AGGGTGAGTTCTGTTT-1,0
AGGTCCGAGGGCACTA-1,0
AGGTCCGCAATGCCAT-1,0
AGGTCCGGTTCCATGA-1,0
AGGTCCGTCAGTTCGA-1,0
AGGTCCGTCCCATTTA-1,0
AGTAGTCAGATCCCAT-1,0
AGTAGTCGTCGATTGT-1,0
AGTCTTTCAACCGCCA-1,0
AGTCTTTCATACTCTT-1,0
AGTGAGGCATCGGTTA-1,0
AGTGAGGGTCAGAAGC-1,0
AGTGTCAAGTGGACGT-1,0
AGTGTCAGTCCAGTAT-1,0
AGTGTCATCTGCCAGG-1,0
AGTGTCATCTTTACAC-1,0
ATAACGCCAGCTGTTA-1,0
ATAACGCGTAGGACAC-1,0
ATAGACCTCTGATACG-1,0
ATCACGAAGTAACCCT-1,0
ATCACGAGTTAAAGAC-1,0
ATCACGATCAAAGACA-1,0
ATCACGATCCCTAATT-1,0
ATCACGATCTCTGCTG-1,0
ATCATCTGTTCTGTTT-1,0
ATCATGGAGCAGCCTC-1,0
ATCATGGAGGGTTTCT-1,0
ATCATGGCAAACCCAT-1,0
ATCCACCCAATAAGCA-1,0
ATCCACCCACACCGAC-1,0
ATCCACCGTAGAGGAA-1,0
ATCCGAAAGAGACTAT-1,0
ATCGAGTAGAAGGTGA-1,0
ATCGAGTAGTACGCGA-1,0
ATCTACTAGACTAGAT-1,0
ATCTACTCAGGGAGAG-1,0
ATCTACTGTGAAAGAG-1,0
ATCTACTTCTGCTGTC-1,0
ATGCGATCAACTTGAC-1,0
ATGGGAGAGGGTTCCC-1,0
ATGGGAGGTGCCTTGG-1,0
ATTACTCAGATCCTGT-1,0
ATTACTCGTAACGCGA-1,0
ATTACTCGTAAGTGTA-1,0
ATTACTCGTGAGGGAG-1,0
ATTATCCCACCATCCT-1,0
ATTATCCGTTCACCTC-1,0
ATTATCCTCACTGGGC-1,0
ATTCTACGTAATAGCA-1,0
ATTGGACCAGGTCTCG-1,0
ATTGGTGAGCCGCCTA-1,0
ATTGGTGCATGTTCCC-1,0
ATTTCTGGTCGAGATG-1,0
CAACCAATCTAAGCCA-1,0
CAACCTCCACTGTTAG-1,0
CAACCTCGTGAGGCTA-1,0
CAACTAGCATGTCCTC-1,0
CAACTAGTCGCAAGCC-1,0
CAAGATCGTTGATTCG-1,0
CAAGTTGCAGACGTAG-1,0
CAAGTTGCATCCCACT-1,0
CACAAACAGTGTTGAA-1,0
CACACAAAGGGATCTG-1,0
CACACAACAATGGATA-1,0
CACACAAGTGGAAAGA-1,0
CACACCTAGAAGGCCT-1,0
CACACCTTCGATAGAA-1,0
CACAGGCAGCAGACTG-1,0
CACAGTACATGCAACT-1,0
CACAGTAGTAAGTGTA-1,0
CACAGTATCAAACCGT-1,0
CACAGTATCATGTCTT-1,0
CACATAGAGGGCATGT-1,0
CACATAGGTAAACCTC-1,0
CACATAGTCGCCCTTA-1,0
CACCAGGAGAACTGTA-1,0
CACCAGGCAGTACACT-1,0
CACCAGGGTTTCCACC-1,0
CACTCCAGTCGACTGC-1,0
CAGAATCCACATCTTT-1,0
CAGAGAGTCCGAGCCA-1,0
CAGATCAAGTTAGGTA-1,0
CAGATCATCGTTGCCT-1,0
CAGCAGCTCTGAGTGT-1,0
CAGCAGCTCTTAGCCC-1,0
CAGCATAAGGACAGCT-1,0
CAGCATAAGTACGTTC-1,0
CAGCATACACGTCTCT-1,0
CAGCATATCGTAGGAG-1,0
CAGCCGAAGGACACCA-1,0
CAGCCGAAGTCGCCGT-1,0
CAGCCGAGTGTAATGA-1,0
CAGCCGATCACGATGT-1,0
CAGCGACCACTACAGT-1,0
CAGCTAACACACATGT-1,0
CAGGTGCTCTCTGAGA-1,0
CAGTAACTCAGCTGGC-1,0
CAGTCCTAGACTAGAT-1,0
CAGTCCTGTCGAGTTT-1,0
CATATGGGTCTCCACT-1,0
CATCAAGAGGAGTACC-1,0
CATCAGAAGTTGAGAT-1,0
CATCAGATCTCTTGAT-1,0
CATGACAAGCACAGGT-1,0
CATGACAAGCCAGAAC-1,0
CATGACAGTCGATTGT-1,0
CATGCCTGTACCCAAT-1,0
CATGGCGAGATGTAAC-1,0
CATGGCGAGTGTCTCA-1,0
CATGGCGCACTTACGA-1,0
CATGGCGGTCTTCAAG-1,0
CATGGCGTCTCTGTCG-1,0
CATTCGCAGCAATCTC-1,0
CATTCGCAGTGCCAGA-1,0
CATTCGCCATAAGACA-1,0
CATTCGCGTCCTCCAT-1,0
CCAATCCGTTGTCGCG-1,0
CCAATCCTCACTCTTA-1,0
CCACGGAGTACCAGTT-1,0
CCACTACAGAATCTCC-1,0
CCACTACGTCAGGACA-1,0
CCAGCGAAGCTACCTA-1,0
CCAGCGAGTTGTCGCG-1,0
CCAGCGATCCGTTGCT-1,0
CCAGCGATCTGAAAGA-1,0
CCATGTCAGTCCGTAT-1,0
CCATTCGAGTTGTCGT-1,0
CCATTCGGTCCAGTTA-1,0
CCCAATCGTCAAGCGA-1,0
CCCAGTTAGCCAGGAT-1,0
CCCAGTTAGCTAGCCC-1,0
CCCAGTTCAGTATGCT-1,0
CCCATACAGGGAAACA-1,0
CCCATACGTGTTGGGA-1,0
CCCTCCTCATTCGACA-1,0
CCGGGATTCGTCTGCT-1,0
CCGGTAGTCCTTGACC-1,0
CCGTGGAAGCGCTTAT-1,0
CCGTTCAAGGTGCTAG-1,0
CCGTTCACAAAGAATC-1,0
CCGTTCACATGTCCTC-1,0
CCGTTCATCGCGATCG-1,0
CCTAAAGGTGCACCAC-1,0
CCTACACAGCTGGAAC-1,0
CCTACACCACAAGACG-1,0
CCTACACCACATCCAA-1,0
CCTACACTCTGAGGGA-1,0
CCTACCACAGTATGCT-1,0
CCTACCAGTCCGCTGA-1,0
CCTACCAGTTTAAGCC-1,0
CCTAGCTAGGCCGAAT-1,0
CCTAGCTAGTCTCGGC-1,0
CCTAGCTTCACCACCT-1,0
CCTATTAAGACACGAC-1,0
CCTATTAAGCGGCTTC-1,0
CCTATTACAGATCTGT-1,0
CCTCAGTAGAGCTGCA-1,0
CCTCTGAGTCCGAAGA-1,0
CCTTACGCAGGGTACA-1,0
CCTTACGTCCGCAAGC-1,0
CCTTCCCAGATATGGT-1,0
CCTTCGACAACACGCC-1,0
CCTTCGACATCGGACC-1,0
CCTTCGAGTCTAGGTT-1,0
CCTTCGATCACCCTCA-1,0
CGAACATAGGACAGCT-1,0
CGAACATTCTGAGGGA-1,0
CGACCTTCAGCTTAAC-1,0
CGACTTCAGAGATGAG-1,0
CGACTTCAGAGGTTAT-1,0
CGACTTCGTAGCTTGT-1,0
CGACTTCTCACTCTTA-1,0
CGAGAAGCACACCGCA-1,0
CGAGCACAGTAGGCCA-1,0
CGAGCACGTCTGATTG-1,0
CGAGCCATCTACGAGT-1,0
CGATCGGTCGTCCAGG-1,0
CGATGGCGTAACGACG-1,0
CGATGGCTCTAGAGTC-1,0
CGATTGAGTACCAGTT-1,0
CGATTGATCGTAGGAG-1,0
CGCCAAGCACGAAATA-1,0
CGCCAAGCATGGTCAT-1,0
CGCGTTTAGCACCGTC-1,0
CGCTGGACAAGCCGCT-1,0
CGCTGGATCCAACCAA-1,0
CGCTTCAAGGCCGAAT-1,0
CGCTTCAAGTTAGCGG-1,0
CGCTTCACAGGGTTAG-1,0
CGGACACTCAGTTCGA-1,0
CGGACGTAGCAACGGT-1,0
CGGACGTAGCATCATC-1,0
CGGACGTCACATGTGT-1,0
CGGACGTTCGAATCCA-1,0
CGGACTGAGAGCAATT-1,0
CGGACTGCAGTATCTG-1,0
CGGACTGGTGTGACCC-1,0
CGGAGCTTCAACGCTA-1,0
CGGAGTCAGGGTCGAT-1,0
CGGAGTCCATTCCTGC-1,0
CGGGTCAAGTGTCCCG-1,0
CGGGTCAGTGTTGAGG-1,0
CGGTTAAAGAGGGCTT-1,0
CGGTTAAGTACGACCC-1,0
CGGTTAATCCAGAGGA-1,0
CGTAGCGAGGATGGTC-1,0
CGTAGCGCATCGACGC-1,0
CGTAGGCTCCTAGAAC-1,0
CGTCACTCAGGACGTA-1,0
CGTCACTCATGACGGA-1,0
CGTCACTTCCTAAGTG-1,0
CGTCAGGAGATGCCAG-1,0
CGTCAGGGTAGCCTAT-1,0
CGTCAGGTCACCGTAA-1,0
CGTCAGGTCCTTTACA-1,0
CGTCAGGTCGGAAACG-1,0
CGTCCATGTATTCTCT-1,0
CGTCCATGTCGTCTTC-1,0
CGTCCATGTTGGGACA-1,0
CGTCTACGTTCAGCGC-1,0
CGTGTAATCACTTACT-1,0
CGTGTCTCAGCTCGCA-1,0
CGTTAGATCCTAGTGA-1,0
CTAACTTAGCTTTGGT-1,0
CTAACTTCACGGTAGA-1,0
CTAACTTTCCTAGGGC-1,0
CTAAGACAGGCTCATT-1,0
CTAAGACCAAGCCGCT-1,0
CTAAGACCAAGCCGTC-1,0
CTAAGACGTATGAAAC-1,0
CTAAGACGTGTTCGAT-1,0
CTAAGACTCTGAGTGT-1,0
CTAATGGAGAAAGTGG-1,0
CTAATGGGTCGCGAAA-1,0
CTAATGGTCGGTGTCG-1,0
CTACACCGTCGAGATG-1,0
CTACCCACAATAAGCA-1,0
CTACCCAGTTGTGGAG-1,0
CTACGTCGTAAACCTC-1,0
CTACGTCGTCATCCCT-1,0
CTAGAGTAGAGGTACC-1,0
CTAGAGTCAAGCTGGA-1,0
CTAGAGTCAGCCTTTC-1,0
CTAGAGTGTAAGTAGT-1,0
CTAGAGTGTTCTGAAC-1,0
CTAGCCTAGCGATGAC-1,0
CTCACACAGATGTAAC-1,0
CTCACACGTCTTGATG-1,0
CTCAGAAGTTCATGGT-1,0
CTCATTATCATACGGT-1,0
CTCGAAAGTCCAAGTT-1,0
CTCGAGGGTCACAAGG-1,0
CTCGGAGCAGTAGAGC-1,0
CTCGGAGTCAACACGT-1,0
CTCGGGAGTTGCCTCT-1,0
CTCGGGATCATTGCGA-1,0
CTCGTACCACTGCCAG-1,0
CTCGTACCAGTCACTA-1,0
CTCGTCAAGATCACGG-1,0
CTCGTCAAGTCAATAG-1,0
CTCGTCAGTGGTCCGT-1,0
CTCTACGCAACGCACC-1,0
CTCTACGTCCAAACAC-1,0
CTCTGGTTCATCGCTC-1,0
CTGAAACAGGCTATCT-1,0
CTGAAGTGTCTCTTAT-1,0
CTGAAGTTCGCGCCAA-1,0
CTGATAGAGATGCCAG-1,0
CTGATAGTCTATGTGG-1,0
CTGATAGTCTTCATGT-1,0
CTGATCCAGGGTATCG-1,0
CTGATCCCAATGCCAT-1,0
CTGATCCCAGACAAAT-1,0
CTGATCCTCTGCAAGT-1,0
CTGCCTAAGTTCGATC-1,0
CTGCCTACATTAGGCT-1,0
CTGGTCTGTCCCTACT-1,0
CTGTGCTCAGGAATGC-1,0
CTTAACTGTTCCACGG-1,0
CTTACCGAGCTAACAA-1,0
CTTACCGGTGTTGAGG-1,0
CTTCTCTCAATCGGTT-1,0
CTTGGCTTCCATGAAC-1,0
CTTTGCGCATCGATGT-1,0
CTTTGCGGTATAGGTA-1,0
GAAATGACAATGGATA-1,0
GAAATGAGTTGGTGGA-1,0
GAACATCAGGTGTTAA-1,0
GAACATCCACGGCTAC-1,0
GAACATCGTCCAGTTA-1,0
GAACATCTCATGCTCC-1,0
GAACCTAAGCTAGTCT-1,0
GAACGGAAGGGTATCG-1,0
GAACGGACAAGTAGTA-1,0
GAAGCAGTCTTGTCAT-1,0
GAATAAGTCTCGTTTA-1,0
GAATGAAAGTCAAGCG-1,0
GACAGAGAGCTGATAA-1,0
GACCAATAGTCATGCT-1,0
GACCAATTCAAAGACA-1,0
GACCAATTCACTATTC-1,0
GACCAATTCACTTATC-1,0
GACCAATTCTGCGACG-1,0
GACCTGGAGAACAACT-1,0
GACCTGGAGGAGCGTT-1,0
GACGCGTAGACCGGAT-1,0
GACGCGTGTTCTGGTA-1,0
GACGGCTCATTGGCGC-1,0
GACGTGCTCAAGAAGT-1,0
GACTAACAGCCAACAG-1,0
GACTAACAGCGACGTA-1,0
GACTAACAGCGTGAGT-1,0
GACTACAGTGGAAAGA-1,0
GACTGCGAGGCCATAG-1,0
GACTGCGCATCCCACT-1,0
GAGCAGAAGCAACGGT-1,0
GAGCAGAAGCCCAGCT-1,0
GAGCAGAAGGGCTTGA-1,0
GAGGTGAGTTCCGTCT-1,0
GAGTCCGTCACCATAG-1,0
GAGTCCGTCGTAGGTT-1,0
GATCAGTCATCTACGA-1,0
GATCAGTTCCCTCAGT-1,0
GATCGATAGTTGCAGG-1,0
GATCGCGAGTGTACCT-1,0
GATCGTACACCAACCG-1,0
GATCGTAGTCGCTTCT-1,0
GATCTAGAGATGTAAC-1,0
GATCTAGCATTCTCAT-1,0
GATCTAGGTCCGTCAG-1,0
GATCTAGGTTGCGTTA-1,0
GATGAAATCTAACTGG-1,0
GATGAGGTCGTCCGTT-1,0
GATTCAGGTAGCGTAG-1,0
GATTCAGTCAATACCG-1,0
GCAAACTCACGAGAGT-1,0
GCAATCAAGTACGACG-1,0
GCACATAAGTGACTCT-1,0
GCACTCTCACTGCCAG-1,0
GCACTCTGTATCTGCA-1,0
GCACTCTTCGTTTATC-1,0
GCAGCCACATATGAGA-1,0
GCAGCCAGTAGTACCT-1,0
GCAGCCATCGCTTGTC-1,0
GCAGTTACAGCTCCGA-1,0
GCAGTTACATGGTCAT-1,0
GCAGTTATCTAGCACA-1,0
GCATACAAGGTTCCTA-1,0
GCATACATCAACGGCC-1,0
GCATGATGTTACTGAC-1,0
GCATGCGTCTTGGGTA-1,0
GCATGTACACGCTTTC-1,0
GCCAAATAGAACTGTA-1,0
GCCAAATGTAGGGACT-1,0
GCCTCTATCATCGATG-1,0
GCGACCAAGAGACTTA-1,0
GCGACCACAGCCAGAA-1,0
GCGAGAACACCGAAAG-1,0
GCGCAACAGGGATGGG-1,0
GCGCAACCATAACCTG-1,0
GCGCAACCATTGGGCC-1,0
GCGCAACGTTAAGTAG-1,0
GCGCAGTCACGAGAGT-1,0
GCGCAGTCAGCTTAAC-1,0
GCGCAGTCATTAACCG-1,0
GCGCCAAAGTCAAGGC-1,0
GCGCCAATCCAAAGTC-1,0
GCGCCAATCTCTAAGG-1,0
GCGCGATGTTTAAGCC-1,0
GCGCGATTCATGTAGC-1,0
GCGGGTTAGGATCGCA-1,0
GCGGGTTTCGTAGGTT-1,0
GCTCCTAAGACAGACC-1,0
GCTCCTAGTTGGGACA-1,0
GCTGCTTAGAGTCGGT-1,0
GCTGCTTGTAAGCACG-1,0
GCTGGGTGTAGCGCAA-1,0
GCTGGGTGTCGTGGCT-1,0
GCTGGGTTCAGTTCGA-1,0
GCTGGGTTCATTGCGA-1,0
GCTGGGTTCTCCAACC-1,0
GCTGGGTTCTGATACG-1,0
GCTTCCAAGACTACAA-1,0
GCTTCCAAGATGCCTT-1,0
GCTTCCACAAGGGTCA-1,0
GCTTCCACACCCATTC-1,0
GCTTCCACATGGTAGG-1,0
GCTTCCATCATGTCTT-1,0
GCTTGAAGTACAGTTC-1,0
GCTTGAAGTGCACCAC-1,0
GGAAAGCAGCCACGCT-1,0
GGAATAAAGACTGGGT-1,0
GGAATAAAGGGTTCCC-1,0
GGAATAAGTCTCGTTC-1,0
GGACAAGTCGGTCCGA-1,0
GGACAAGTCGGTTAAC-1,0
GGACAGAAGTACGATA-1,0
GGACAGACAAGTCTGT-1,0
GGACAGAGTCTCCCTA-1,0
GGACATTAGCATCATC-1,0
GGACATTTCATTTGGG-1,0
GGACGTCAGTGTTAGA-1,0
GGACGTCCATAGGATA-1,0
GGAGCAAAGACCACGA-1,0
GGAGCAAGTAGCTCCG-1,0
GGAGCAATCACTTCAT-1,0
GGATGTTTCTACCAGA-1,0
GGATTACAGGAACTGC-1,0
GGATTACGTCGCGTGT-1,0
GGCAATTAGTTTGCGT-1,0
GGCAATTTCTGTCAAG-1,0
GGCCGATGTAACGCGA-1,0
GGCGACTAGACCTTTG-1,0
GGCGACTCAAAGGAAG-1,0
GGCGACTGTCGCGGTT-1,0
GGCGACTTCACATAGC-1,0
GGCGTGTCATCGGAAG-1,0
GGCGTGTGTAGAAGGA-1,0
GGCGTGTGTTACGCGC-1,0
GGCTCGAAGATGCGAC-1,0
GGCTCGAAGTGTCCAT-1,0
GGCTCGACACAACGTT-1,0
GGCTCGACATGGATGG-1,0
GGCTCGATCCAAGTAC-1,0
GGCTGGTGTTACGTCA-1,0
GGGAATGCAACGCACC-1,0
GGGACCTCACCAGATT-1,0
GGGACCTCACCTATCC-1,0
GGGAGATCACAGGAGT-1,0
GGGAGATCATGGTAGG-1,0
GGGAGATGTCGAAAGC-1,0
GGGAGATGTGTTTGTG-1,0
GGGCACTGTCTGGTCG-1,0
GGGCATCAGCAGGTCA-1,0
GGGCATCTCTTGTTTG-1,0
GGGTCTGAGGATTCGG-1,0
GGGTTGCGTTTAAGCC-1,0
GGTATTGAGTACTTGC-1,0
GGTATTGGTGTGAAAT-1,0
GGTATTGTCACAGTAC-1,0
GGTGAAGCAGAAGCAC-1,0
GGTGAAGTCTGAAAGA-1,0
GGTGCGTTCAACACTG-1,0
GGTGCGTTCGGTGTCG-1,0
GGTGTTACAAGGTTTC-1,0
GGTGTTATCATCTGTT-1,0
GGTGTTATCTTAACCT-1,0
GTAACGTGTCGGCTCA-1,0
GTAACGTGTTCAGCGC-1,0
GTACGTACACCTATCC-1,0
GTACGTAGTTATCCGA-1,0
GTACGTATCTAACTTC-1,0
GTACTCCAGGATCGCA-1,0
GTACTCCCATCCTTGC-1,0
GTACTCCTCGGAAACG-1,0
GTACTTTCATCCTAGA-1,0
GTAGGCCTCATTCACT-1,0
GTAGTCAGTGCACCAC-1,0
GTAGTCATCGAGAGCA-1,0
GTATCTTAGCTAGGCA-1,0
GTATTCTAGGCATTGG-1,0
GTCACAAAGACAGAGA-1,0
GTCACAACAAAGGTGC-1,0
GTCACAAGTGGCAAAC-1,0
GTCACAATCCTTCAAT-1,0
GTCACAATCTGGTTCC-1,0
GTCACGGCACGGACAA-1,0
GTCACGGTCCGTAGGC-1,0
GTCATTTCATAGTAAG-1,0
GTCATTTGTCCAACTA-1,0
GTCCTCAGTCCAGTGC-1,0
GTCCTCATCGTGGACC-1,0
GTCGGGTAGACATAAC-1,0
GTCGTAATCCAAGCCG-1,0
GTCTCGTAGGTAGCTG-1,0
GTCTCGTTCCGCATAA-1,0
GTCTCGTTCGTTGACA-1,0
GTCTCGTTCTCGCTTG-1,0
GTCTTCGAGACAGAGA-1,0
GTCTTCGAGCGATGAC-1,0
GTGAAGGAGAAGATTC-1,0
GTGAAGGTCTCGTTTA-1,0
GTGCAGCAGCTAAACA-1,0
GTGCAGCTCAATCACG-1,0
GTGCATAAGGCAAAGA-1,0
GTGCATACATGGTCTA-1,0
GTGCTTCCAAGTCTGT-1,0
GTGGGTCCATGGATGG-1,0
GTGGGTCGTCTACCTC-1,0
GTGGGTCTCGCAAACT-1,0
GTTAAGCTCGTCACGG-1,0
GTTAAGCTCTGTTTGT-1,0
GTTACAGGTGTGACGA-1,0
GTTACAGTCTAAGCCA-1,0
GTTCATTGTCTAGCGC-1,0
GTTCGGGAGTTACCCA-1,0
GTTCGGGCATCTCGCT-1,0
GTTCGGGGTCCAAGTT-1,0
GTTCTCGGTTATGCGT-1,0
GTTTCTAGTCACCCAG-1,0
TAAGAGAAGCTCAACT-1,0
TAAGCGTCATGATCCA-1,0
TAAGTGCGTTTCCACC-1,0
TAAGTGCTCGAATGCT-1,0
TAAGTGCTCTGCAAGT-1,0
TACACGAAGTCAAGCG-1,0
TACACGAGTACCGAGA-1,0
TACACGAGTGTTGGGA-1,0
TACAGTGTCAGTTGAC-1,0
TACAGTGTCTCGCATC-1,0
TACCTATCAGACGCAA-1,0
TACCTTACATTACCTT-1,0
TACGGATAGCGATGAC-1,0
TACGGATCATGAACCT-1,0
TACGGATGTGCACCAC-1,0
TACGGATGTTACCGAT-1,0
TACGGATTCTGGGCCA-1,0
TACGGATTCTTTACGT-1,0
TACGGGCCACACCGAC-1,0
TACGGGCGTAAACGCG-1,0
TACGGTAAGCCCAATT-1,0
TACGGTAGTGCTAGCC-1,0
TACGGTAGTTAAGAAC-1,0
TACGGTATCTTGCATT-1,0
TACTCATAGAGGTACC-1,0
TACTCATGTTGTCTTT-1,0
TACTCGCCATACGCTA-1,0
TACTCGCGTGGTAACG-1,0
TACTTACCACGACTCG-1,0
TACTTACGTCGCGGTT-1,0
TACTTACTCCTGTAGA-1,0
TACTTGTTCCTCTAGC-1,0
TAGACCAGTGTTGGGA-1,0
TAGAGCTAGCCATCGC-1,0
TAGAGCTCAAAGGTGC-1,0
TAGAGCTGTAGCACGA-1,0
TAGCCGGCATCGATGT-1,0
TAGGCATAGGGTCTCC-1,0
TAGGCATCATGGATGG-1,0
TAGGCATGTACTCTCC-1,0
TAGGCATTCAGGATCT-1,0
TAGTGGTCACACAGAG-1,0
TAGTGGTGTAAGCACG-1,0
TAGTTGGGTCGTCTTC-1,0
TAGTTGGGTGAAAGAG-1,0
TAGTTGGGTGCAACTT-1,0
TATCAGGGTCTAGTGT-1,0
TATCTCAAGCGCTTAT-1,0
TATCTCACAGACAGGT-1,0
TATCTCACAGGAATCG-1,0
TATCTCACAGGTCGTC-1,0
TATCTCATCAGTTCGA-1,0
TATCTCATCCCAACGG-1,0
TATGCCCGTTCGGCAC-1,0
TATTACCAGATCGGGT-1,0
TATTACCAGGTACTCT-1,0
TATTACCAGTACACCT-1,0
TATTACCCAAGCCGTC-1,0
TATTACCTCGAACTGT-1,0
TCAACGAGTCCGAATT-1,0
TCAACGAGTGTGAAAT-1,0
TCAACGATCTGCTGCT-1,0
TCAATCTGTCAACATC-1,0
TCACAAGGTGTCAATC-1,0
TCACAAGGTTCTGGTA-1,0
TCACAAGTCAAACCGT-1,0
TCACGAATCGCCATAA-1,0
TCAGATGCAAGCTGAG-1,0
TCAGATGGTATCTGCA-1,0
TCAGCTCGTCACAAGG-1,0
TCAGCTCGTCTCCACT-1,0
TCAGGATGTACAGTGG-1,0
TCAGGTAAGGCGCTCT-1,0
TCAGGTAGTAGGACAC-1,0
TCATTACCAGACAGGT-1,0
TCATTACCATCGGACC-1,0
TCATTTGAGCCAGAAC-1,0
TCATTTGCACTGTGTA-1,0
TCATTTGGTCAGATAA-1,0
TCCACACAGAGTAAGG-1,0
TCCACACGTCTTGATG-1,0
TCCACACGTGCTGTAT-1,0
TCGAGGCGTTCCGTCT-1,0
TCGCGAGGTTGTGGAG-1,0
TCGCGAGTCCCTCAGT-1,0
TCGGGACGTCACACGC-1,0
TCGGTAAAGAATGTGT-1,0
TCGGTAACACTGAAGG-1,0
TCGGTAATCCTACAGA-1,0
TCGTACCAGGCTACGA-1,0
TCGTACCCAAGGTGTG-1,0
TCGTACCGTACCGCTG-1,0
TCGTACCGTCTCCATC-1,0
TCGTACCTCAGCGATT-1,0
TCGTAGACATGGTAGG-1,0
TCTATTGGTCTCCATC-1,0
TCTATTGTCGACGGAA-1,0
TCTATTGTCTCACATT-1,0
TCTCATACACGTTGGC-1,0
TCTCATATCCGTCAAA-1,0
TCTCTAAAGTAGGTGC-1,0
TCTCTAATCTGCCCTA-1,0
TCTGGAAAGCTTCGCG-1,0
TCTGGAAAGCTTTGGT-1,0
TCTGGAAGTACCATCA-1,0
TCTGGAATCATCACCC-1,0
TCTTCGGGTACATCCA-1,0
TCTTCGGTCCCGACTT-1,0
TCTTTCCAGAATTCCC-1,0
TGACAACAGAGGGCTT-1,0
TGACAACCAACTGCTA-1,0
TGACAACGTATTCGTG-1,0
TGACAACGTCTAGTCA-1,0
TGACGGCCACATGACT-1,0
TGACGGCGTGTGGTTT-1,0
TGACGGCTCCTCATTA-1,0
TGACTAGAGGTGACCA-1,0
TGACTTTAGCGAGAAA-1,0
TGACTTTTCTCTAGGA-1,0
TGAGAGGCACAGCGTC-1,0
TGAGAGGGTCGGGTCT-1,0
TGAGCATAGAGACTTA-1,0
TGAGCATAGTTGAGAT-1,0
TGAGCATCAGTCTTCC-1,0
TGAGCCGAGCTATGCT-1,0
TGAGCCGCAAAGAATC-1,0
TGAGCCGCAAGGACAC-1,0
TGAGCCGGTACAGACG-1,0
TGAGGGACAACTGCTA-1,0
TGAGGGACACATCCGG-1,0
TGATTTCGTCGCGTGT-1,0
TGCACCTAGTACGCCC-1,0
TGCCAAACACGGCTAC-1,0
TGCCAAAGTGCAGGTA-1,0
TGCCAAAGTTTGCATG-1,0
TGCCCATAGCGATATA-1,0
TGCCCATAGTTACGGG-1,0
TGCCCATCAGGACCCT-1,0
TGCGCAGGTGCAGTAG-1,0
TGCGGGTAGCACAGGT-1,0
TGCGGGTGTCAAAGCG-1,0
TGCGGGTGTTATCACG-1,0
TGCGGGTTCAGGCGAA-1,0
TGCGGGTTCTCTGAGA-1,0
TGCGGGTTCTTGCAAG-1,0
TGCGTGGAGCTACCGC-1,0
TGCGTGGCAGGTCGTC-1,0
TGCGTGGCATGAACCT-1,0
TGCTACCAGTGTTAGA-1,0
TGCTACCCAAGTTCTG-1,0
TGCTACCGTCCGAAGA-1,0
TGCTGCTGTCGCGGTT-1,0
TGGACGCGTGATAAAC-1,0
TGGACGCGTGCTGTAT-1,0
TGGACGCGTTACGACT-1,0
TGGCCAGCATCGGACC-1,0
TGGCCAGTCTAACTGG-1,0
TGGCGCAGTCTGCGGT-1,0
TGGCGCATCCAGATCA-1,0
TGGCTGGAGAAACCGC-1,0
TGGCTGGCAAAGCGGT-1,0
TGGGCGTAGACTTTCG-1,0
TGGGCGTTCTTTAGGG-1,0
TGGTTAGTCTTACCTA-1,0
TGGTTCCGTTCGCTAA-1,0
TGTATTCAGCGATAGC-1,0
TGTCCCACAGCAGTTT-1,0
TGTGGTATCGAATGCT-1,0
TGTTCCGAGGCATGTG-1,0
TGTTCCGTCGGGAGTA-1,0
TTAACTCGTAAGAGGA-1,0
TTAGGACCACATCCGG-1,0
TTAGGACGTAATCACC-1,0
TTAGGACTCGCATGAT-1,0
TTAGGACTCGCGTAGC-1,0
TTAGGCAGTTGCTCCT-1,0
TTAGGCAGTTGGTAAA-1,0
TTAGTTCTCAGCTCGG-1,0
TTAGTTCTCCATGAAC-1,0
TTATGCTAGAGTAATC-1,0
TTATGCTCATCCCACT-1,0
TTATGCTCATTCGACA-1,0
TTATGCTTCGTTTGCC-1,0
TTCCCAGAGAGTCTGG-1,0
TTCCCAGCAAGCTGAG-1,0
TTCCCAGCAATCTGCA-1,0
TTCCCAGCAGACACTT-1,0
TTCGAAGAGGGTATCG-1,0
TTCGAAGCAGACAAGC-1,0
TTCGAAGGTAACGTTC-1,0
TTCGAAGGTACCGCTG-1,0
TTCGGTCCACCAGATT-1,0
TTCGGTCTCTCTTGAT-1,0
TTCTACAAGGACTGGT-1,0
TTCTACAGTTTGCATG-1,0
TTCTCCTAGCAGACTG-1,0
TTGAACGAGAAGGGTA-1,0
TTGAACGAGATCGATA-1,0
TTGAACGTCATGGTCA-1,0
TTGACTTCACCGCTAG-1,0
TTGACTTGTCATACTG-1,0
TTGACTTGTCTGATCA-1,0
TTGCGTCAGGATATAC-1,0
TTGCGTCTCTGATTCT-1,0
TTGCGTCTCTGGCGAC-1,0
TTGGAACCAGACAAAT-1,0
TTGGCAAAGAGGGATA-1,0
TTGGCAAAGTTAGGTA-1,0
TTGGCAATCACGCATA-1,0
TTGGCAATCGTAGGTT-1,0
TTGTAGGCAAAGTGCG-1,0
TTGTAGGCATTGTGCA-1,0
TTGTAGGGTAATTGGA-1,0
TTGTAGGGTAGCCTAT-1,0
TTGTAGGGTCGCATAT-1,0
TTGTAGGTCCTTGGTC-1,0
TTGTAGGTCTCCCTGA-1,0
TTTACTGGTTATGTGC-1,0
TTTATGCTCAACACTG-1,0
TTTGCGCAGCCAGAAC-1,0
TTTGGTTTCATACGGT-1,0
TTTGTCAAGCTTTGGT-1,0
TTTGTCAAGGCCGAAT-1,0
TTTGTCACATTGCGGC-1,0
TTTGTCATCAGTTAGC-1,0
AAACCTGCATCTCCCA-2,1
AAACGGGCATTCGACA-2,1
AAACGGGTCTTTACGT-2,1
AAAGATGGTTGACGTT-2,1
AAAGCAAAGCCACGCT-2,1
AAAGCAAGTGTTTGGT-2,1
AAAGTAGGTCATCGGC-2,1
AAAGTAGGTCTTGCGG-2,1
AAAGTAGTCTTGTATC-2,1
AAATGCCCAACTTGAC-2,1
AAATGCCCATACAGCT-2,1
AAATGCCCATCGATTG-2,1
AAATGCCTCCGCAGTG-2,1
AAATGCCTCGCGCCAA-2,1
AACACGTGTGGTACAG-2,1
AACACGTTCATGTCCC-2,1
AACCATGTCCTAGTGA-2,1
AACCATGTCTGCTGCT-2,1
AACCGCGAGTATGACA-2,1
AACCGCGCAAGAGTCG-2,1
AACCGCGGTAAAGTCA-2,1
AACTCAGAGTAGATGT-2,1
AACTCAGCATACGCTA-2,1
AACTCCCGTCTCGTTC-2,1
AACTCTTTCCTGTACC-2,1
AACTGGTAGAATTGTG-2,1
AACTGGTCACATCTTT-2,1
AACTTTCCATGTTGAC-2,1
AACTTTCGTGACTCAT-2,1
AAGACCTAGCTGCAAG-2,1
AAGACCTGTCATATGC-2,1
AAGGAGCAGATGAGAG-2,1
AAGGAGCCACGAGAGT-2,1
AAGGCAGCAGAGCCAA-2,1
AAGGCAGGTTATCGGT-2,1
AAGGCAGGTTCCATGA-2,1
AAGGTTCAGAGTGAGA-2,1
AAGGTTCGTACCTACA-2,1
AAGGTTCTCCCTAATT-2,1
AAGTCTGGTTTGACTG-2,1
AATCGGTCAAACTGTC-2,1
AATCGGTGTTGCGTTA-2,1
AATCGGTTCACTTCAT-2,1
AATCGGTTCCTTGACC-2,1
ACACCAAAGAGGTTGC-2,1
ACACCAACACCATGTA-2,1
ACACCAACAGATCGGA-2,1
ACACCAACAGGCGATA-2,1
ACACCAAGTCAGAATA-2,1
ACACCCTAGAACAATC-2,1
ACACCGGAGAGTGAGA-2,1
ACACTGACACGCGAAA-2,1
ACAGCCGCAATCCAAC-2,1
ACATCAGGTGAGGGAG-2,1
ACCAGTAGTATGAAAC-2,1
ACCAGTATCAAAGACA-2,1
ACCCACTCAGGCTCAC-2,1
ACCGTAACAGCAGTTT-2,1
ACCGTAACAGGACGTA-2,1
ACCGTAAGTGCGAAAC-2,1
ACCGTAAGTTACGGAG-2,1
ACCTTTAAGATCTGAA-2,1
ACGAGCCCACAGACTT-2,1
ACGAGCCCAGACAAAT-2,1
ACGAGCCGTGTCGCTG-2,1
ACGAGGATCCTGTACC-2,1
ACGATACAGATCTGCT-2,1
ACGATACCACAGGCCT-2,1
ACGATACGTGCTTCTC-2,1
ACGCCAGCAACGCACC-2,1
ACGCCAGCACTAGTAC-2,1
ACGCCAGGTGTTTGGT-2,1
ACGCCGACATTGTGCA-2,1
ACGCCGAGTAAGGGCT-2,1
ACGCCGATCCAAGTAC-2,1
ACGCCGATCTTTAGTC-2,1
ACGGAGAAGCCGTCGT-2,1
ACGGCCAAGATATGCA-2,1
ACGGCCAAGCCCTAAT-2,1
ACGGGCTGTAGAGCTG-2,1
ACGGGTCAGAGCCCAA-2,1
ACGGGTCAGTGTGAAT-2,1
ACGGGTCTCAGTACGT-2,1
ACGTCAAAGCCGATTT-2,1
ACGTCAACACAGCCCA-2,1
ACGTCAATCCTACAGA-2,1
ACTATCTGTCGCATCG-2,1
ACTATCTTCGTAGATC-2,1
ACTGAGTAGGCGCTCT-2,1
ACTGAGTAGTGATCGG-2,1
ACTGAGTCACAGCGTC-2,1
ACTGAGTCACATGTGT-2,1
ACTGATGAGAAGGTTT-2,1
ACTGATGAGTCCGTAT-2,1
ACTGATGGTGGAAAGA-2,1
ACTGCTCAGACTGGGT-2,1
ACTGCTCGTCTTTCAT-2,1
ACTGCTCGTGCAGACA-2,1
ACTGCTCTCTCGCATC-2,1
ACTGTCCAGATATACG-2,1
ACTTACTGTTGGACCC-2,1
ACTTGTTCAGGTGGAT-2,1
ACTTGTTCATTAGCCA-2,1
ACTTTCACAAGGGTCA-2,1
ACTTTCAGTAATTGGA-2,1
ACTTTCATCCCTTGCA-2,1
AGACGTTAGCCTCGTG-2,1
AGACGTTAGTAGATGT-2,1
AGACGTTCATCACAAC-2,1
AGACGTTGTAGGGTAC-2,1
AGAGCGAAGGCAAAGA-2,1
AGAGCTTCATTCCTCG-2,1
AGAGCTTGTTGAGGTG-2,1
AGATCTGCAGATAATG-2,1
AGATCTGCATGATCCA-2,1
AGATTGCAGCGTAATA-2,1
AGATTGCGTGCTTCTC-2,1
AGATTGCTCAGCCTAA-2,1
AGCAGCCGTCTTCAAG-2,1
AGCCTAAGTATAGTAG-2,1
AGCCTAAGTGATAAGT-2,1
AGCGGTCCACAGAGGT-2,1
AGCGTATAGACAGACC-2,1
AGCGTATTCTCCCTGA-2,1
AGCGTCGGTATAATGG-2,1
AGCTCCTGTTCGTCTC-2,1
AGCTCCTGTTGCCTCT-2,1
AGCTCCTTCAGGTTCA-2,1
AGCTCTCAGTCAAGGC-2,1
AGCTCTCGTAGCCTAT-2,1
AGCTCTCTCGCCAAAT-2,1
AGCTCTCTCTGCTGCT-2,1
AGCTTGAGTGAGGCTA-2,1
AGGCCACTCACGACTA-2,1
AGGCCACTCCAGAAGG-2,1
AGGGAGTCAGAAGCAC-2,1
AGGGATGCAAGGTTCT-2,1
AGGGATGTCAAGATCC-2,1
AGGGTGACAGACAGGT-2,1
AGGGTGATCAATAAGG-2,1
AGGGTGATCTAACCGA-2,1
AGGTCCGAGCTAACAA-2,1
AGGTCCGAGGTAGCTG-2,1
AGTAGTCAGACTTGAA-2,1
AGTAGTCCAGCATGAG-2,1
AGTCTTTAGGATATAC-2,1
AGTCTTTGTACAGCAG-2,1
AGTGAGGCACGGTGTC-2,1
AGTGGGACATCCTAGA-2,1
AGTGTCAAGTGCGTGA-2,1
AGTGTCACAGGAATCG-2,1
AGTGTCAGTCTGGAGA-2,1
ATAACGCAGCCAGAAC-2,1
ATAACGCTCGCCTGTT-2,1
ATAAGAGGTGGTTTCA-2,1
ATCATCTGTTATTCTC-2,1
ATCATCTTCAGGTAAA-2,1
ATCATGGCATAGACTC-2,1
ATCCGAAAGCGTAATA-2,1
ATCCGAAAGTGGCACA-2,1
ATCCGAACACGGCTAC-2,1
ATCGAGTAGAGGGCTT-2,1
ATCGAGTGTTCACCTC-2,1
ATCGAGTTCTCCGGTT-2,1
ATCTACTTCATACGGT-2,1
ATCTACTTCTCGAGTA-2,1
ATCTGCCGTCATCCCT-2,1
ATCTGCCGTGTTGAGG-2,1
ATGAGGGGTATAGGGC-2,1
ATGAGGGGTTGTTTGG-2,1
ATGCGATTCCGAGCCA-2,1
ATGCGATTCTTTACGT-2,1
ATGGGAGGTGATGTCT-2,1
ATGTGTGAGGTGCTAG-2,1
ATGTGTGAGTGGGATC-2,1
ATGTGTGTCCAGTATG-2,1
ATTATCCCATTATCTC-2,1
ATTATCCGTCTTCGTC-2,1
ATTCTACGTCACACGC-2,1
ATTCTACTCGAACTGT-2,1
ATTGGACAGACATAAC-2,1
ATTGGACGTACGCACC-2,1
ATTGGACGTGAAAGAG-2,1
ATTGGTGCACCAGATT-2,1
ATTGGTGGTGGACGAT-2,1
ATTGGTGTCAATCACG-2,1
ATTGGTGTCCTCATTA-2,1
ATTTCTGCACAACGTT-2,1
ATTTCTGGTTGCTCCT-2,1
CAACCAAGTCACACGC-2,1
CAACCAATCCGTCAAA-2,1
CAACCAATCTTGAGAC-2,1
CAACCTCCATAGTAAG-2,1
CAACTAGGTGACAAAT-2,1
CAAGAAACAGCTTAAC-2,1
CAAGGCCAGACTAGAT-2,1
CAAGGCCTCCACGTGG-2,1
CAAGTTGCACCCTATC-2,1
CAAGTTGGTGCGAAAC-2,1
CAAGTTGTCTAACTGG-2,1
CACACAAAGACCACGA-2,1
CACACAATCCGCGTTT-2,1
CACACCTCATTATCTC-2,1
CACACTCTCCTCAACC-2,1
CACAGGCGTAGAGTGC-2,1
CACAGTAAGAAGGGTA-2,1
CACAGTAAGTGAACAT-2,1
CACAGTAGTAGCGTCC-2,1
CACATAGCACTGTCGG-2,1
CACATTTCAATCAGAA-2,1
CACCAGGAGACTACAA-2,1
CACCAGGAGAGATGAG-2,1
CACCAGGAGGCTCATT-2,1
CACCAGGCAGTGGGAT-2,1
CACCAGGTCAGTTAGC-2,1
CACCAGGTCTGAAAGA-2,1
CACTCCAAGGCATTGG-2,1
CACTCCACAATGGAAT-2,1
CAGAATCAGGTGCAAC-2,1
CAGAATCCACATGTGT-2,1
CAGAATCGTTATGCGT-2,1
CAGAGAGGTGACGCCT-2,1
CAGATCAAGTCATCCA-2,1
CAGATCACAGGGCATA-2,1
CAGCAGCGTCTGATCA-2,1
CAGCATAAGCCACCTG-2,1
CAGCATATCCTTCAAT-2,1
CAGCGACAGTGATCGG-2,1
CAGCGACCAGTAACGG-2,1
CAGCTAAAGCTGCCCA-2,1
CAGCTAAAGTGGTAGC-2,1
CAGCTGGCATTGGTAC-2,1
CATATGGAGGCGCTCT-2,1
CATATGGAGTTTGCGT-2,1
CATATGGCACATGTGT-2,1
CATATGGGTAGGCTGA-2,1
CATATTCAGCAGGTCA-2,1
CATATTCGTATAAACG-2,1
CATCAAGGTTCATGGT-2,1
CATCAGAAGAGTTGGC-2,1
CATCAGACAGTGGGAT-2,1
CATCCACAGAGATGAG-2,1
CATCCACTCAGGTAAA-2,1
CATCGAACAACGATCT-2,1
CATGACAAGCCGATTT-2,1
CATGACAGTGACCAAG-2,1
CATGACATCTCGGACG-2,1
CATGCCTGTCGTCTTC-2,1
CATGGCGTCACTTCAT-2,1
CATTATCAGTCAAGCG-2,1
CATTATCCACGTCAGC-2,1
CATTATCGTCCTAGCG-2,1
CATTATCGTCGCTTCT-2,1
CATTATCTCTGCAAGT-2,1
CATTCGCCAATACGCT-2,1
CCAATCCGTTATTCTC-2,1
CCAATCCTCGGTGTTA-2,1
CCACCTACAGTGGAGT-2,1
CCACGGAAGCACGCCT-2,1
CCACTACCACACTGCG-2,1
CCAGCGAAGTGTTTGC-2,1
CCAGCGATCTGGTGTA-2,1
CCATGTCCAAACCTAC-2,1
CCATGTCCAGGATCGA-2,1
CCATGTCTCTGGAGCC-2,1
CCCAATCCACTTAACG-2,1
CCCAGTTAGGATGGAA-2,1
CCCAGTTTCAGGCAAG-2,1
CCCATACTCAGCTGGC-2,1
CCCTCCTAGAAGCCCA-2,1
CCCTCCTAGCCAGAAC-2,1
CCCTCCTGTAGCGTCC-2,1
CCGGGATAGGTGTTAA-2,1
CCGGGATAGGTTCCTA-2,1
CCGGTAGAGCAGATCG-2,1
CCGGTAGAGCTCCTTC-2,1
CCGTACTAGTTAGGTA-2,1
CCGTACTCACCAGGTC-2,1
CCGTGGACAAGCGAGT-2,1
CCGTGGACACGGCTAC-2,1
CCGTGGACAGATGAGC-2,1
CCGTGGAGTTAGATGA-2,1
CCGTTCACAGAGTGTG-2,1
CCTACACCAGGTGCCT-2,1
CCTACACGTGCTGTAT-2,1
CCTACCAAGCAGCCTC-2,1
CCTAGCTCATCGATTG-2,1
CCTAGCTGTAGTAGTA-2,1
CCTATTAAGGGTATCG-2,1
CCTATTAGTCGCGTGT-2,1
CCTATTAGTCTGGTCG-2,1
CCTCAGTAGAGCTGCA-2,1
CCTCAGTAGTTTCCTT-2,1
CCTCAGTGTAAAGGAG-2,1
CCTCAGTGTCCAGTTA-2,1
CCTCAGTTCACATGCA-2,1
CCTCTGAAGCAGATCG-2,1
CCTCTGACAAGTTGTC-2,1
CCTTACGTCTTGTTTG-2,1
CCTTCCCAGTCAAGCG-2,1
CCTTCCCCACCAGTTA-2,1
CCTTCCCCAGTAAGCG-2,1
CCTTCGAAGATGTCGG-2,1
CCTTCGACACTAGTAC-2,1
CCTTCGACAGATCTGT-2,1
CCTTTCTAGGCCCTTG-2,1
CCTTTCTCAATTGCTG-2,1
CGAACATGTCCTCCAT-2,1
CGAACATGTTCTGGTA-2,1
CGACCTTAGTTGAGTA-2,1
CGACCTTCACTTAACG-2,1
CGACTTCCATCCTAGA-2,1
CGAGAAGAGCGCCTTG-2,1
CGAGAAGGTCCAGTGC-2,1
CGAGAAGGTCTCCACT-2,1
CGAGAAGGTGCAACTT-2,1
CGAGCACAGTGCGTGA-2,1
CGAGCACCAATGGAGC-2,1
CGAGCACGTCATACTG-2,1
CGAGCCAAGAATCTCC-2,1
CGAGCCACAGAGCCAA-2,1
CGAGCCATCCTATTCA-2,1
CGATGGCTCCTTCAAT-2,1
CGATGGCTCTCGAGTA-2,1
CGATGTACATTGGTAC-2,1
CGATGTAGTTTCCACC-2,1
CGATTGATCGCACTCT-2,1
CGCCAAGCAACACGCC-2,1
CGCCAAGCAGCCTGTG-2,1
CGCGGTAGTCAATGTC-2,1
CGCGTTTAGATCTGAA-2,1
CGCGTTTAGCAGCGTA-2,1
CGCTATCCAGACGCAA-2,1
CGCTGGAAGAAGGCCT-2,1
CGCTGGAGTTTAGGAA-2,1
CGCTTCAGTGGTCTCG-2,1
CGCTTCATCTAACTGG-2,1
CGGACACCAAGGTGTG-2,1
CGGACACCAATGTTGC-2,1
CGGACACGTACCATCA-2,1
CGGACACTCCAGAAGG-2,1
CGGACGTAGGTAGCTG-2,1
CGGACGTCAGGGTACA-2,1
CGGAGCTAGATAGGAG-2,1
CGGAGCTTCGCCAGCA-2,1
CGGAGTCAGCATCATC-2,1
CGGAGTCAGTATGACA-2,1
CGGAGTCCAAGTTGTC-2,1
CGGAGTCCATCTCCCA-2,1
CGGGTCAGTCGGGTCT-2,1
CGGTTAATCAAACCGT-2,1
CGTCACTAGACGACGT-2,1
CGTCACTCACGTGAGA-2,1
CGTCAGGAGACCTTTG-2,1
CGTCTACGTACAAGTA-2,1
CGTCTACTCATGCATG-2,1
CGTCTACTCCCTTGCA-2,1
CGTGTAAAGTTAGGTA-2,1
CGTGTAACACAAGTAA-2,1
CGTGTAACAGGTCGTC-2,1
CGTGTCTAGGTAGCCA-2,1
CGTGTCTGTATAAACG-2,1
CGTGTCTTCGCGTAGC-2,1
CGTGTCTTCGTGACAT-2,1
CGTTAGACACAAGTAA-2,1
CGTTCTGAGTACGCCC-2,1
CGTTCTGGTGTCAATC-2,1
CGTTGGGAGTGTTGAA-2,1
CGTTGGGGTTACGCGC-2,1
CGTTGGGTCTTACCGC-2,1
CTAACTTGTAGTAGTA-2,1
CTAACTTGTTCATGGT-2,1
CTAAGACGTCTCTTAT-2,1
CTAATGGAGCTAGTTC-2,1
CTAATGGTCGTCCGTT-2,1
CTACACCCACAGGTTT-2,1
CTACACCCACGACGAA-2,1
CTACACCCATGGATGG-2,1
CTACACCTCCAAACTG-2,1
CTACATTTCCCAAGAT-2,1
CTACCCAAGCTCCTTC-2,1
CTACCCAGTTCCACAA-2,1
CTACCCATCCCTCAGT-2,1
CTACCCATCTTCGAGA-2,1
CTACGTCGTCCTCCAT-2,1
CTAGAGTCATCTGGTA-2,1
CTAGAGTGTTACCGAT-2,1
CTAGCCTGTAAGGGCT-2,1
CTCACACTCAAGCCTA-2,1
CTCACACTCCATGCTC-2,1
CTCACACTCGGAGCAA-2,1
CTCAGAATCTCGGACG-2,1
CTCATTAAGGAGCGAG-2,1
CTCCTAGAGCGTCTAT-2,1
CTCCTAGCAACAACCT-2,1
CTCCTAGCACCGAAAG-2,1
CTCCTAGGTAATCGTC-2,1
CTCCTAGTCAATCTCT-2,1
CTCGAAAAGATGTCGG-2,1
CTCGAAACATTTGCTT-2,1
CTCGAAAGTAGCTTGT-2,1
CTCGAAAGTCTAGCGC-2,1
CTCGAGGAGCTAGTCT-2,1
CTCGAGGTCTTGCCGT-2,1
CTCGGAGGTGCGCTTG-2,1
CTCGGGAAGTCTCGGC-2,1
CTCGGGATCCGGCACA-2,1
CTCGGGATCGCAAGCC-2,1
CTCGGGATCTCTTGAT-2,1
CTCTACGAGCTATGCT-2,1
CTCTACGTCACTTACT-2,1
CTGAAACAGGGAACGG-2,1
CTGAAACGTCTAGGTT-2,1
CTGAAGTCAGACACTT-2,1
CTGAAGTGTCTGGTCG-2,1
CTGAAGTGTTGAGTTC-2,1
CTGATAGCAAAGAATC-2,1
CTGATAGCAGACGTAG-2,1
CTGATAGGTCGCATAT-2,1
CTGATAGTCGTTTATC-2,1
CTGATCCAGCAGATCG-2,1
CTGATCCAGCTAACAA-2,1
CTGCCTAAGGCATGGT-2,1
CTGCCTACAGTATAAG-2,1
CTGCGGACACGTGAGA-2,1
CTGCTGTAGCACACAG-2,1
CTGCTGTTCATCGCTC-2,1
CTGGTCTAGCCCAGCT-2,1
CTGGTCTCAATAACGA-2,1
CTGGTCTCACAGTCGC-2,1
CTGTGCTAGATTACCC-2,1
CTGTGCTGTGTTTGGT-2,1
CTGTTTAAGCTCCCAG-2,1
CTGTTTACACCGAATT-2,1
CTGTTTAGTAGATTAG-2,1
CTGTTTAGTCTTCAAG-2,1
CTGTTTATCATTGCGA-2,1
CTTAACTTCGGAATCT-2,1
CTTACCGAGGAGTCTG-2,1
CTTACCGTCGTCCAGG-2,1
CTTAGGACAGGAATGC-2,1
CTTAGGAGTAAGCACG-2,1
CTTAGGATCCGGCACA-2,1
CTTCTCTAGTGACTCT-2,1
CTTCTCTCAGTGACAG-2,1
CTTCTCTCATGCAACT-2,1
CTTCTCTGTTTGCATG-2,1
CTTTGCGTCCATGCTC-2,1
GAAACTCCACTATCTT-2,1
GAAATGAAGAGCTGCA-2,1
GAAATGAGTGGTCCGT-2,1
GAAATGAGTTACGCGC-2,1
GAACATCCAGGTCTCG-2,1
GAACATCTCTACGAGT-2,1
GAACCTATCCTTGCCA-2,1
GAACGGATCTCACATT-2,1
GAAGCAGCAGCTGTGC-2,1
GAAGCAGGTCGTTGTA-2,1
GAATAAGAGTGTCTCA-2,1
GAATGAACAGTGAGTG-2,1
GAATGAATCCTAGTGA-2,1
GACAGAGCATCCGTGG-2,1
GACCAATAGGTCATCT-2,1
GACCAATCAAACTGTC-2,1
GACCAATCACTACAGT-2,1
GACCAATGTTGATTCG-2,1
GACCAATTCACGCATA-2,1
GACCTGGAGACCACGA-2,1
GACCTGGCATCACGTA-2,1
GACCTGGGTCGCCATG-2,1
GACCTGGTCCTTAATC-2,1
GACGCGTAGACACTAA-2,1
GACGCGTCAAGTTCTG-2,1
GACGGCTTCAGGCCCA-2,1
GACGGCTTCATAACCG-2,1
GACGTTACACGGTAAG-2,1
GACGTTATCAGCACAT-2,1
GACTAACGTGCTGTAT-2,1
GACTAACTCGGCGGTT-2,1
GACTAACTCTCCCTGA-2,1
GAGCAGAAGACGCAAC-2,1
GAGGTGAAGCGGATCA-2,1
GAGGTGACAATAGCGG-2,1
GAGGTGAGTTATCACG-2,1
GAGTCCGAGTTCGCAT-2,1
GAGTCCGTCTAACTTC-2,1
GATCAGTAGCCCAGCT-2,1
GATCAGTCAGGGCATA-2,1
GATCAGTGTCATCGGC-2,1
GATCAGTGTGGTTTCA-2,1
GATCGATAGCCGCCTA-2,1
GATCGATGTTGGTAAA-2,1
GATCGCGCACCCTATC-2,1
GATCGCGCAGTCGATT-2,1
GATCGCGCATCCCATC-2,1
GATCGCGTCAACGGCC-2,1
GATCTAGAGTGCAAGC-2,1
GATCTAGCACACCGCA-2,1
GATGAAACACGAAAGC-2,1
GATGAAAGTATATGGA-2,1
GATGAGGCAGACTCGC-2,1
GATGCTAAGCTGAACG-2,1
GATGCTAGTGGACGAT-2,1
GATGCTATCGGTTCGG-2,1
GATTCAGCATCCGTGG-2,1
GATTCAGTCTCGTATT-2,1
GCAAACTGTCCCTTGT-2,1
GCAAACTTCGTCACGG-2,1
GCAATCACAATCAGAA-2,1
GCAATCACAGATGGCA-2,1
GCAATCAGTCTGCAAT-2,1
GCAATCATCCTTAATC-2,1
GCAATCATCTGCGACG-2,1
GCACATAGTACTCTCC-2,1
GCACATAGTCGGATCC-2,1
GCACATATCACATAGC-2,1
GCACTCTAGCGATAGC-2,1
GCAGCCAAGCGTTCCG-2,1
GCAGTTACACATTCGA-2,1
GCAGTTAGTATTCTCT-2,1
GCATACAGTAAAGTCA-2,1
GCATGTAGTCCCGACA-2,1
GCCAAATCAGTAAGCG-2,1
GCGACCACACCGATAT-2,1
GCGACCAGTCAATGTC-2,1
GCGACCATCAAACAAG-2,1
GCGACCATCGTGGACC-2,1
GCGAGAACATGCCTAA-2,1
GCGCAACAGCCACCTG-2,1
GCGCAACTCATAGCAC-2,1
GCGCAGTGTTTGCATG-2,1
GCGCAGTTCAGCTCGG-2,1
GCGCAGTTCGCTTAGA-2,1
GCGCCAAAGTCGAGTG-2,1
GCGCCAACACCACGTG-2,1
GCGCCAAGTCTCCATC-2,1
GCGCGATGTAGATTAG-2,1
GCGGGTTCATCTGGTA-2,1
GCGGGTTTCAAACCGT-2,1
GCTCTGTAGCACCGTC-2,1
GCTCTGTAGGGTCTCC-2,1
GCTGCAGAGCCAGTTT-2,1
GCTGCAGCACCCATTC-2,1
GCTGCGAAGGGTGTGT-2,1
GCTGCGAAGTGTACCT-2,1
GCTGCTTAGTTACCCA-2,1
GCTGGGTCAACGATCT-2,1
GCTGGGTTCTGCTTGC-2,1
GCTTCCATCAGAGCTT-2,1
GCTTGAACATCCGGGT-2,1
GGAAAGCAGTGCGTGA-2,1
GGAAAGCCACAGTCGC-2,1
GGAAAGCCATGGTCAT-2,1
GGAAAGCGTCTAAAGA-2,1
GGAAAGCGTTACTGAC-2,1
GGAACTTCAGATCTGT-2,1
GGAACTTTCCTAGGGC-2,1
GGAATAAGTGGTGTAG-2,1
GGAATAATCGGATGTT-2,1
GGACAAGAGTACGCGA-2,1
GGACAAGCAAGCGTAG-2,1
GGACAAGGTGCAGGTA-2,1
GGACAGAAGACTTGAA-2,1
GGACAGACACGGACAA-2,1
GGACAGATCCATGAGT-2,1
GGACATTGTCAGCTAT-2,1
GGACATTTCTGCGTAA-2,1
GGACGTCAGCCACGTC-2,1
GGACGTCGTCCAGTTA-2,1
GGACGTCTCAGGATCT-2,1
GGACGTCTCCTTTCGG-2,1
GGAGCAAAGTGTTTGC-2,1
GGAGCAAGTTCAACCA-2,1
GGATGTTCAAAGGTGC-2,1
GGATGTTCACTAGTAC-2,1
GGATGTTTCACGAAGG-2,1
GGCAATTTCAGGCAAG-2,1
GGCCGATCACAAGACG-2,1
GGCCGATGTACCGTTA-2,1
GGCCGATGTGACGGTA-2,1
GGCCGATGTGAGTGAC-2,1
GGCCGATGTTCGCTAA-2,1
GGCCGATTCAATCTCT-2,1
GGCGACTCACAGCGTC-2,1
GGCGTGTTCATATCGG-2,1
GGCGTGTTCCTCAACC-2,1
GGCTGGTCACGAAACG-2,1
GGGACCTCAGCTTAAC-2,1
GGGACCTGTACTTAGC-2,1
GGGAGATCAACACCTA-2,1
GGGATGAGTACAGTGG-2,1
GGGATGAGTCGCGTGT-2,1
GGGATGAGTGGCTCCA-2,1
GGGCACTGTTTCGCTC-2,1
GGGCACTTCCCTTGTG-2,1
GGGCATCCACAGGCCT-2,1
GGGCATCGTTATCACG-2,1
GGGTTGCAGGGCTCTC-2,1
GGGTTGCAGTCCTCCT-2,1
GGTGAAGAGAAGAAGC-2,1
GGTGAAGTCAACGCTA-2,1
GGTGAAGTCTTATCTG-2,1
GGTGCGTCATGCCTTC-2,1
GGTGTTAAGGAGTTGC-2,1
GGTGTTACAGCGATCC-2,1
GGTGTTAGTTTGTTGG-2,1
GTAACGTTCAACACCA-2,1
GTAACTGAGGAACTGC-2,1
GTAACTGCAAGACACG-2,1
GTAACTGTCGATAGAA-2,1
GTACGTAAGACGCACA-2,1
GTACGTAGTTTGTTGG-2,1
GTACTCCAGATACACA-2,1
GTACTCCGTGGACGAT-2,1
GTACTTTCAAGGACAC-2,1
GTAGGCCAGATCCCAT-2,1
GTAGGCCCAAGTCTGT-2,1
GTAGGCCTCGCAAGCC-2,1
GTAGTCATCCACGACG-2,1
GTAGTCATCTGCTGTC-2,1
GTATTCTAGCAGCGTA-2,1
GTATTCTAGGTCATCT-2,1
GTCAAGTGTATATGGA-2,1
GTCAAGTGTTGCGTTA-2,1
GTCACAATCCGCTGTT-2,1
GTCACGGAGTACGCCC-2,1
GTCATTTAGACACGAC-2,1
GTCATTTAGAGGTTGC-2,1
GTCATTTAGCTTATCG-2,1
GTCATTTCAGCTGTGC-2,1
GTCATTTTCTGGCGTG-2,1
GTCCTCAAGAAACGCC-2,1
GTCCTCACACGAGAGT-2,1
GTCGGGTCACGCATCG-2,1
GTCGTAACAGTTTACG-2,1
GTCGTAAGTTATTCTC-2,1
GTCTCGTCACGGCTAC-2,1
GTCTCGTTCTGGCGAC-2,1
GTCTTCGGTGCGCTTG-2,1
GTGAAGGAGCAGGTCA-2,1
GTGAAGGCAAATACAG-2,1
GTGAAGGCAAGTAATG-2,1
GTGCATAAGAGGGATA-2,1
GTGCATAAGTCAAGCG-2,1
GTGCATATCACATGCA-2,1
GTGCGGTAGGTGATAT-2,1
GTGCGGTGTGTCAATC-2,1
GTGCGGTGTTACGTCA-2,1
GTGGGTCAGTTAGGTA-2,1
GTGGGTCTCACGACTA-2,1
GTGTGCGCAGTGACAG-2,1
GTGTGCGTCAAGAAGT-2,1
GTGTGCGTCGTAGATC-2,1
GTGTTAGTCATAGCAC-2,1
GTTAAGCAGAGTAATC-2,1
GTTAAGCGTCTAGCGC-2,1
GTTACAGCAGGTCCAC-2,1
GTTCATTCATCGTCGG-2,1
GTTCATTCATGCCCGA-2,1
GTTCTCGAGACTAAGT-2,1
GTTTCTAAGACCACGA-2,1
GTTTCTATCGTTGACA-2,1
TAAACCGCAATGGAAT-2,1
TAAACCGCAGGGTACA-2,1
TAAACCGTCCTGCTTG-2,1
TAAGAGACACTTAAGC-2,1
TAAGAGATCAGGTTCA-2,1
TAAGCGTCAGGTGCCT-2,1
TAAGCGTGTGCCTGGT-2,1
TAAGCGTTCGGAAACG-2,1
TAAGTGCGTAAGTAGT-2,1
TACACGAGTTCCGGCA-2,1
TACACGATCGCACTCT-2,1
TACAGTGCAAAGCAAT-2,1
TACAGTGCACATCCAA-2,1
TACAGTGTCCTGCTTG-2,1
TACCTATAGAACTCGG-2,1
TACCTTACAGCCTTGG-2,1
TACCTTACAGCTGTGC-2,1
TACCTTAGTCCAAGTT-2,1
TACCTTATCCGAGCCA-2,1
TACGGATAGGTAAACT-2,1
TACGGATAGTCAATAG-2,1
TACGGATGTCTGATCA-2,1
TACGGATTCTTCTGGC-2,1
TACGGGCAGCTTTGGT-2,1
TACGGGCTCTGCTGTC-2,1
TACTCATGTTAGATGA-2,1
TACTCGCAGGATGGAA-2,1
TACTCGCAGTGAACGC-2,1
TACTCGCCAGACTCGC-2,1
TACTCGCGTTATCACG-2,1
TACTTGTCATATGCTG-2,1
TAGACCATCACATGCA-2,1
TAGAGCTAGACGACGT-2,1
TAGAGCTCATTACGAC-2,1
TAGAGCTGTCTCTTTA-2,1
TAGAGCTGTGTAAGTA-2,1
TAGGCATAGGTGATAT-2,1
TAGGCATGTTGACGTT-2,1
TAGTGGTGTAAAGTCA-2,1
TAGTTGGGTCTAGTGT-2,1
TAGTTGGGTGCGAAAC-2,1
TATCAGGGTAAGCACG-2,1
TATCAGGTCGTCTGAA-2,1
TATCTCACAAATACAG-2,1
TATTACCAGTGTCCCG-2,1
TCAACGAAGAATAGGG-2,1
TCAACGAGTGTGCCTG-2,1
TCAACGAGTTTACTCT-2,1
TCAACGATCGTATCAG-2,1
TCACAAGGTACCCAAT-2,1
TCACAAGTCATTGCCC-2,1
TCACGAAGTAAAGTCA-2,1
TCAGCAACAGTAACGG-2,1
TCAGCAAGTATTAGCC-2,1
TCAGGATTCTTAGAGC-2,1
TCATTACAGGGATGGG-2,1
TCATTACCACGAGAGT-2,1
TCATTACCAGTAACGG-2,1
TCATTTGAGATGTCGG-2,1
TCATTTGCAATGTAAG-2,1
TCATTTGTCGAACGGA-2,1
TCCACACAGAGTACAT-2,1
TCCACACCAAGGTTTC-2,1
TCCACACGTCCAGTTA-2,1
TCCCGATTCCATTCTA-2,1
TCCCGATTCTTACCTA-2,1
TCGAGGCGTAGCTCCG-2,1
TCGAGGCGTGACAAAT-2,1
TCGAGGCTCAGTACGT-2,1
TCGAGGCTCGTACGGC-2,1
TCGCGAGGTCTCACCT-2,1
TCGGGACCATGTTGAC-2,1
TCGGTAAGTTGATTGC-2,1
TCGGTAATCGTAGGAG-2,1
TCGTACCGTATAAACG-2,1
TCGTAGAGTGGGTCAA-2,1
TCTATTGCACCGATAT-2,1
TCTCATAAGCCACGTC-2,1
TCTCATAGTGGTACAG-2,1
TCTCATATCTAACTCT-2,1
TCTCTAACAATGAATG-2,1
TCTCTAAGTTTGCATG-2,1
TCTCTAATCACGACTA-2,1
TCTGAGACAGATGGCA-2,1
TCTGAGATCCTCGCAT-2,1
TCTGGAAGTGCAGACA-2,1
TCTGGAATCAAAGACA-2,1
TCTTCGGTCCTTTCGG-2,1
TCTTCGGTCGTTGACA-2,1
TCTTCGGTCTACCTGC-2,1
TCTTTCCAGTGACTCT-2,1
TGAAAGAAGTCAAGGC-2,1
TGAAAGACATGGAATA-2,1
TGAAAGATCAGTCAGT-2,1
TGACAACAGCAGCGTA-2,1
TGACAACGTCGGCTCA-2,1
TGACGGCTCATTCACT-2,1
TGACGGCTCCTCGCAT-2,1
TGACTAGTCAGCTGGC-2,1
TGACTTTCAGCCTTGG-2,1
TGACTTTGTCAAAGAT-2,1
TGACTTTGTTGCCTCT-2,1
TGAGAGGCAAGTCTGT-2,1
TGAGAGGCATGAACCT-2,1
TGAGAGGGTCTGCAAT-2,1
TGAGCATAGTGACTCT-2,1
TGAGCATCACGGACAA-2,1
TGAGCATTCGGTCCGA-2,1
TGAGCCGGTAGGCTGA-2,1
TGAGCCGTCCTTTCTC-2,1
TGAGGGACACGGTGTC-2,1
TGAGGGAGTCACACGC-2,1
TGATTTCTCAGTTAGC-2,1
TGATTTCTCGCCCTTA-2,1
TGCACCTCAGCTATTG-2,1
TGCCAAAAGCGTGTCC-2,1
TGCCAAAGTCGATTGT-2,1
TGCCCATAGACCGGAT-2,1
TGCCCATAGAGTAAGG-2,1
TGCGCAGAGTCGATAA-2,1
TGCGGGTGTCAGAAGC-2,1
TGCGTGGAGGGTCGAT-2,1
TGCGTGGCACCTATCC-2,1
TGCTACCCAATGGAGC-2,1
TGCTACCGTCTAGTGT-2,1
TGCTACCTCAAGCCTA-2,1
TGGACGCGTACTCAAC-2,1
TGGCCAGAGACGCTTT-2,1
TGGCGCATCCGGCACA-2,1
TGGCTGGGTCTGCGGT-2,1
TGGCTGGGTGAGTGAC-2,1
TGGCTGGTCCGTCAAA-2,1
TGGCTGGTCCGTCATC-2,1
TGGGCGTAGTACGATA-2,1
TGGTTAGAGTCCCACG-2,1
TGGTTAGCAAACTGCT-2,1
TGGTTAGGTAGCGATG-2,1
TGGTTAGGTGCCTGTG-2,1
TGGTTAGGTTGCGTTA-2,1
TGTATTCTCCGCATCT-2,1
TGTCCCAGTGTAACGG-2,1
TGTCCCATCCACGTTC-2,1
TGTCCCATCCAGAAGG-2,1
TGTGGTAAGACGACGT-2,1
TGTGGTAGTCTAGCCG-2,1
TGTGGTATCCTCAACC-2,1
TGTGGTATCGCAAACT-2,1
TGTGTTTAGGACCACA-2,1
TGTGTTTCAGATGGCA-2,1
TGTTCCGAGGCAGTCA-2,1
TTAACTCGTGATGCCC-2,1
TTAGTTCAGATGAGAG-2,1
TTAGTTCAGTAATCCC-2,1
TTAGTTCTCAGTCAGT-2,1
TTATGCTAGGACAGCT-2,1
TTATGCTCAGCTTAAC-2,1
TTCGAAGAGGGCTCTC-2,1
TTCGAAGCACAAGTAA-2,1
TTCGAAGGTGTGCGTC-2,1
TTCGGTCAGGAATTAC-2,1
TTCGGTCCAGGGATTG-2,1
TTCGGTCGTGAAATCA-2,1
TTCTACAAGGGTGTTG-2,1
TTCTACACAATGGAGC-2,1
TTCTACACATATGCTG-2,1
TTCTACAGTACCGAGA-2,1
TTCTACATCTGCAAGT-2,1
TTCTACATCTTGTACT-2,1
TTCTCAAAGACCGGAT-2,1
TTCTCAACAGCTATTG-2,1
TTCTCCTGTCGAATCT-2,1
TTCTTAGCAGAAGCAC-2,1
TTCTTAGGTAGCTAAA-2,1
TTCTTAGGTGGTCCGT-2,1
TTGAACGTCCTGCCAT-2,1
TTGACTTGTGAGTATA-2,1
TTGCGTCAGACTAGAT-2,1
TTGGCAAAGATCCTGT-2,1
TTGGCAATCCACTGGG-2,1
TTGTAGGGTCCCTTGT-2,1
TTGTAGGGTGGTTTCA-2,1
TTTACTGAGCGTGAAC-2,1
TTTACTGCAAACGTGG-2,1
TTTACTGTCGCAAACT-2,1
TTTATGCCATGCCCGA-2,1
TTTATGCTCCGAACGC-2,1
TTTCCTCCAGACGCAA-2,1
TTTCCTCCATGGTTGT-2,1
TTTCCTCGTCATGCCG-2,1
TTTGCGCGTAGCCTCG-2,1
TTTGGTTAGATACACA-2,1
TTTGGTTGTATGAATG-2,1
TTTGGTTTCCAAGTAC-2,1
